lecture_id,top_tfidf_terms
103298,"계량, 현실에, 리뷰, 중간고사는, 적극, 관련된, 추천합니다, 이걸, 피자파티도, 기말은, 아마, 예상문제를, 우리나라, 현실적인, 현실, 노동, 물론이고, 대한, 있어서, 2명"
103300,"모르겠음, 한번도, 기준을, 경제학보단, 편향적인, 경제사, 7장, 중간, 기말, 중간기말, 교재, 에이제로, 없고, 성향이, 10장, 정치적, 하나도, 안함, 한국, 말하는"
103304,"paper도, term, 성적은, 개념을, 있고, 가정, 기출에서, 과제, 원리를, 과제는, 과제가, 경우에는, 쁠을, 어려운, 모두, 거기서, 시험은, 학기, 좋으시고, 강의력"
103316,"갓정윤, 퀴즈가, 잘해주셔서, 물리, 쉽게, 강의력이, 퀴즈도, 잘하시고, 교수님은, 다만, 또한, 학생들을, 설명을, 최고의, 듣기, 충분히, 쉽게이해할수, 느낍니다, 자주있으며, 2문제정도를"
103317,"레포트, 실험하는데, 실험환경이, 개쓰레기인거, 풀만한정도, 토질역학, 7판, braja, das, 골때리는게, 실험하는거야, 실험실, 흙에, 묻게, 실험실임, 오후반, 나눠서함, 오전은, 오후는, 오후에"
103381,"외울게, 바이오재료, 생물, 유기화학, 분야에, 내용도, 이해도, 듣게, 학점은, 추천함, 논문, 발표가, 거의, 다른, 학점, 너그럽게, 매번, 주셔서, 많습니다, 시험에"
103393,"시험은, 하루는, 진행했는데, 두번째, 되게, 동영상, 깔끔한, 가르쳐, 문제들이, 좋으시고, 오프라인으로, 1시간, 수업때, 모르겠어요, 시험도, 나오는데, 한국어로, 나오고, 매주, 오프라인"
103412,"중간, 강의력, 기말, 좋고, 팀플, 에이쁠, 강의력이, 과제, 친절하십니다, 하지만, 생각, 관심이, 아예, 좋은, 들었습니다, 강의도, 있으면, 시험은, 듣기, 부담이"
103522,"퀴즈는, 5번, 퀴즈, 퀴즈에서, 다른, 남기고, 퀴즈를, 퀴즈에, 귀찮을, 개념, 말씀이, 어렵지, 질문, 2주에, 대신, 않아요, 되고, 중요한, 위주로, 하나"
103534,"좋은, 조별과제가, 기본적인, 학점, 교안만, 정외과, ppt, 위주로, 듣기, 주시지만, 레포트를, 의외로, 공부, 친절히, 내용도, 에이플, 질문에, 오픈북이라, 온라인이라, 필기"
103544,"수업열심히, 암기해야하는, 강조하시는, 단순, 듣는게, 부분, 과목입니다, 나오고, 부분이, 중요한, 시험에, 위주로, 교수님께서"
103642,"설명해, 시험도, 반복적으로, 학점도, 높은, 친절하게, 개념, 강의입니다, 설명, 주셔서, 중요한, 이해가, 매너, 확정임, 인자하심, 잘봐주, 개념설명을, 최고의강의, 잘쥬심, 전달해주시는"
103684,"과제, 못하면, 시험은, 한국어, 과제가, opengl, 선대나, 빨강, 파랑, 생각, 어렵고, 난이도가, 공부했고, 과제를, 들은, 조금, 신경써서, 제대로, 과제는, 생각합니다"
103689,"창의적, 글쓰기, 어법, 쓰고, 수정하는, 성찰적, 50퍼, 강의는, 빡세요, 열심히, 기간에, 출튀는, 주시는, 듣고, 다음, 모르겠고, 시험도, 굳이, 없고, 평가"
103691,"교수님은, 글쓰기, 열정적이시고, 과제가, 수정하면, 많은, 수업시간마다, 교수님이, 좋으십니다, 착하심, 면담, 그닥, 어렵지는, 과제도, 글을, 과제는, 많아요, 점수가, 배울, 쓰는"
103692,"글쓰기, 학술적, 주제를, 불쾌하게, 창의적인, 기분, 창글, 문법, 말을, 주제, 부분이, 약간, 내내, 쓰는, 되고, 중요한, 위주로, 아니라, 전에, 배우는"
103693,"글쓰기, 조별로, 보는데, 피드백, 돼요, 같아요, 각자, 점수, 패러디, 결국, 피드백도, 있는데, 하는, 매시간, 학생, 에쁠, 다른, 글쓰기가, 창의적, 구체적으로"
103694,"빡세긴, 한데, 많고, 한번에, 5점, 교수님은, 교수님이, 돼서, 학생들에게, 과목입니다, 과제는, 과제가, 쓰는, 좋으세요, 않음, 글쓰기, 방법대로만, 깎이지만, 나누어주시는, 멍하게"
103727,"사랑과, 아니라, 활동, 있어요, 솔직히, 좋지, 이론, 수업을, 발표도, 때는, 들은, 레포트, 다시, 수업에, 토론, 없이, 어지간해서, 안다는데, 핵심인지, 적어놓은게"
103732,"교양다운, 과제, 동영상, 교양, 기말, 재밌게, 번에, 1교시, 수업입니다, 들을, 재밌었습니다, 이론, 과목이라, 아침, 1번, 오픈북, 부담도, 부담없이, 보는, 없다"
103771,"만나면, 시험기간에, 팀플, 망한, 교수님은, 교수님께서, 과제들, 조별과제가, 작성, 편함, 않아, 개인, 평가, 과제가, 피드백, 이렇게, 점수가, 있다, 좋음, 부담이"
103774,"과기글, 중간, ppt, 보고서, 다른, 발표, 유익한, 기말, 맞게, 수정하기, 갓상도, 기말은, 이공계, 말고, 주제, 9시에, 제시된, 고생하면, 주말에, 과기글은"
103778,"봉범, 교수님이, 수업은, 상담도, 해주시고, 과제, 지루하지만, 족보대로, 같아요, 친절하시고, 창글, 귀여우세요, 면담, 수업이, 좋아요, 많은, 얻어갈, 조금, 뭔가, 과제는"
103780,"출튀는, 글쓰기, 과제, 적은, 과제가, 많긴, 불가, 개인, 들어도, 관련, 수업에서, 배려해주십니다, 그래도, 수업시간에, 창글, 열심히, 한번만, 보고, 피드백을, 안들어도"
103782,"중간고사, 창글, 피드백을, 엄마같은, 기말문집이, 질문지, 좋으세용, 교수님이, 글을, 피드백, 글쓰기, 과제가, 무난하고, 열심히, 학생들에게, 피드백도, 어려움, 좋았음, 학생들을, 괜찮은"
103796,"비쁠, 평균보다, 강의력, 점은, 실시간, 강의력은, 과제가, 공수, 코로나, 특히나, 플립드, 등이, 코로나로, 시험, 문제가, 소통이, 괜찮았음, 나왔지만, 좋으시다, 적이"
103803,"웹워크, 기말은, 대체과제, 독학이라고, 다만, 성적이, 성적, 온라인, 공부는, 강의력, 보시면, 감사합니다, 무난한, 연습문제, 학점, 만큼, 중간, 공부하면, 중간은, 나옴"
103816,"출튀, 브슴은, 인도식, 좋습니다, 문제푸는, 영어, 교안, 좋은, 출튀는, 바랍니다, 마세요, 하지, 교안이, 영어를, 서술형, 어차피, 가끔, 이런, 타탄짱, 일교시만"
103818,"과제는, 타임어택이라, 들었고, 풀어서, 잘하시고, 아는, 화2, 학점은, 시험은, ppt도, 여름, 계절학기로, 풀면서, 보이는, 별로, 한번으로, 영어, 70, 발음도, 영어도"
103918,"양이, 전전, 기출, 엉망이라, 방대하지만, 주심, 회로이론, 있다, 과제, 내용으로, 열심히, 한번에, 진도를, 얼마나, 진도, 내용, 많다, 아는, 많아, 조금"
104183,"악독한, 퀴즈와, 2점, 맞으면, 틀리면, 퀴즈, 잘주셨기에, 문제지는, 0점이었는데, 다녀오시고, 심경의, 있으셨던건지, 구하기보다는, 챙겨주신듯함, 빵빵, 터질것, 그점은, 한달동안, 죄송할지경, 수업중에서"
104224,"pf, 1학점, 시험, 치고는, 퀴즈, 할게, 치는, 귀찮습니다, 세번, 치고, 과제, 하는, 3번, 평소에, 2번, 추천, 괴롭히기만, 이학교는, 1학점짜리에, 바라는게많음"
104818,"논문, 영어, 계절, 학기, 최종, 정규학기에, stata, 연구방법, 중간고사, 고급, 설문조사, 주제, 있는데, 열심히, 발표, 모델, 교수님께서, 소논문, 데이터, 연구"
104819,"자잘한, 3개, 글로벌, 점수도, 개인, 회사, 비즈니스, 나눠주신, 추천하지는, 많지만, 괜찮은, 개인발표, 전형적인, 치고는, 작은, 매주, 인터뷰, 있는, 기준으로, 2학점"
105714,"읽기자료, 과제, 영어, 읽고, 시험은, 온라인, 행동경제학, 지문이, 2개, 생각보다, 같아요, 밀리고, 형식의, 직접, 강의인데, 시험, 길고, 마케팅, 중간대체, 듣는데"
105736,"강의력은, 월요일만, 피한곳이, 이곳이라니, 안들으시는게, 응통1을, 응통2로, 바로가는게, 확랜프를, 들으셔서, 닦아도되고, 응통2를, 없어보이네요, 안하시는거는, 늦게본다는, 성적마감날인데도, 성적점수, 교수나, 조교나, 없음"
105776,"나들이, a4, 내년부터, 중국어, 나가는, 좋아요, 가는, 국제어, 문제도, 다시, 없습니다, 진행하신다고, 바뀌면, 개꿀과목이지만, 현장답사도, 구경하는, 팀플1번, 기말1번입니다, 서울, 곳곳에"
105785,"족보, 새로운, 강의는, 오프라인, 90, 10, 32인데, 발음에, 강의력, 32, 사세요, 공부하시길, 영어, 무조건, 강의력이, 시험은, 일주일에, 족보가, 내용, 족보에서"
105968,"드립이, 중간기말이, 느낌이다, 말고는, 웹워크, 것만, 없다, 중요한, 재미있으시다, 이공계이지만, 학문은, 찰지셔서, 집중하다가, 피식하고, 요약형, 나가있다, 알려드려야, 푸근한, 느낌이시다, 총점이"
106019,"전자기기, 수업시간에, 열심히, 고등학교로, 발표는, 배우고, 좋은, 딴짓, 발표, 깐깐하십니다, 깐깐하시긴, 에세이는, 성적, 것이, 깐깐한, 이유는, 최악의, 루브릭, 수업임, 수업은"
106024,"매주, 정법, 교수님들, 정치학에, 토론문, 토론이, 있어서, 정치에, 번거롭긴, 토론, 강의력도, 겹치는, 내용도, 들을, 좋으셔서, 아직, 배울, 않아서, 좋을, 재밌게"
107359,"국제법, 발표, 교수님께서, 사례, 답안, 정리했습니다, 공법, 답안지, 법학, 교수님만의, 학점에, 위주로, 않습니다, 열정, 국제법에, 정외, 청타했습니다, 사례형에, 발표는, 열정적으로"
108403,"글을, 쓰면, 피드백, 쓰는, 감상문, 쓰기, 초고에서, 릴레이, 좋은, 기준이, 썼음, 칼럼, 쓰시고, 성적, gpt, 같아요, 자유롭게, 마음에, 면담, 주시는"
108868,"심리학, 보고서, 입문, 적절한, 중간, 싶어서, 말고는, 내용도, 기말, 써야, 있는데, 봤는데, 듣지, 딱히, 쓰는, 좋은, 나와서, 나오는, 없습니다, 참여해야하는"
108987,"교수님이, 열정적으로, 끝내주시고, 3시간, 어렵지, 온라인이라, 출결, 일찍, 좋으셔서, 친절하게, 과제는, 수업에서, 항상, 되게, 축제때는, 짜페들어야하니깡, 채워하셔서조금, 물리적으로, 나갔을때, 복습하다가"
108991,"한번, 미적분, 수능, 좋으시고, 올려주시는, 교수님이, 성적, 출튀, 설명을, 중간, 좋은, 열심히, 받았습니다, 했는데, 필기노트랑, 미적에, 1등급들은, 가능하시고, 명시해서, 빌리거나"
109019,"빠르고, 스트레스, 에세이, 점수, 교수가, 말도, 직배, 영어, 비영어권, 불친절합니다, 악명이, 무엇보다, 옆사람이랑, 영어를, 듣지, 해가야, ai를, 도망치세요, 나와도, 더럽게"
109140,"수학과, 증명, 꽉꽉, 계산, 개꿀, 워낙, 꿀잼, 적다, 계산실수, 항상, 나가는, 필기를, 얘기를, 나온다, 잘하시고, 봐서, 좋은데, 해주셔서, 같다, 중간"
109162,"교수님이, 영쓰, 주십니다, 친절하시고, 수업이, 좋아요, 해도, 글쓰기, 무난하게, 듣기, 있지만, 김계란, 호응, 안해주시면, 삐지심, 받아줘서, 걸리몀, 들으세오, 엄청착하십니다, 해야할거는"
109429,"엄청, 영어, 짜게, 직배, 하라는, 걸리면, 과제, 것만, 교수님이, 열정적으로, 학점을, 점수를, 코로나때라, 내주는거만큼, 개빡치는게, 최종글쓰기, 내준것도, 깍아요, 울면됩니다, 포기하십쇼"
114011,"흥미로워서, 퀴즈, 대한, 재미있게, 퀴즈는, 팀플이, 중간, 끊김, 모르지, 받아줌, 조심하길, 관련개념, 얽어서, 논문요약, 배운데까지, 전범위니까, 보세용, 강하신듯, 따라와주길, 바라시는것"
120416,"과제는, 시험은, 학점은, 발음도, 비율채워서, 강의력, 맞아도, 좋으심, 틀리면, 영어도, 강의력이, 계산, 알아듣기, 쉬워서, 워낙, 예제, 어렵게, 코로나, 그만큼, 좋으신"
120496,"발표, 유쾌하시고, 대본, 자신감, 듣길, 발표에, 못하는, 잡아라, 세번째, 33, 돼요, 감점이, 통으로, 최고의, 분량을, 15, 영어, 50, 시간, 중간고사"
120533,"소통이, 기말, 정해관, 많고, 과목이네요, 영어라서, 상식, 강의하십니다, 오픈북으로, 외워야, 공부하시면, 분량, 분량이, 교수님과, 시험, 교안이, 교양, 피피티, 과제는, 같고"
120624,"발표, 스크립트, 발표는, 점수, 싫은, 자신감, 영어, 퀴즈, 중요하게, 에이쁠, 3번, 평균보다, 평가, 어느정도, 사실, 받았습니다, 좋음, 상적을, 좋구, 탄탄해요"
120802,"토론도, 피드백, 비언어적, 보심, 수업은, 지루합니다, 성적을, 토론, 자기소개, 보시는, 앞에서, 한번, 같아요, 않고, 좋아요, 성실하게, 스피치, 발표, 없으면, 후하게"
120809,"러시아어, 빛종우, 오종우, 러시아어가, 엄청, 과제도, 좋으세요, 없고, 노베면, 번으로, 아무, 열심히, 3시간, 좋았습니다, 어려웠어요, 나도, 차근차근, 복습, 내용, 수업은"
120833,"계절학기로, 강의력이, 수강하였습니다, 폭넓게, 사진이, 번역해서, 주시는, 중간에, 해석하는, 과제도, 요약하는, 과제, 5문제, 귀찮고, 영어, 시간, 말씀, 수업은, 나온, 쓰고"
120851,"보고서, 족보대로, 채점, 경기, 족보, 시험, 모르겠고, 같아요, 시험은, 레포트, 나오지만, 가산점, 기준은, 무조건, 에이쁠, 이번에, 변별력이, 기준을, 가서, 않은데"
120875,"연극, 꿀강, 아캠, 보면, 들으세요, 1학점, 보고, 남으면, 면담, 연극이, 꿀강입니다, 교수님이랑, 한번, 짧게, 감상문, 출석만, 번만, 영화, 한번만, 없고"
120888,"지피티, ai, checker, 4개인데, 글을, 참신한, 쓰면, 점수를, 과제가, 영쓰, 참고해서, 4개, 걸리면, 쓰기, 만약, 쉬움, 통해, 학점, 그래도, 많음"
120901,"역사에, 사전, 관심이, 대해, 매주, 오프라인, 자신의, 시험은, 매우, 않으셔도, 하는데, 점을, 과제는, 강평이, 별로, 않았는데, 있는, 온라인, 주차, 역사"
120954,"계절로, 요약, 과제는, 논어를, 오프라인, 들었는데, 1점도, 학기중에, 한번, 자꾸, 생각보다, 학생을, 4번, 있다는, 하는, 아니면, 다른, 하십니다, 모르겠지만, 매주"
120955,"아캠으로, 듣는, 가능하면, 기말, 분량, 교안만, 아캠, 들어야, 어차피, 오프라인, 열심히, 있지만, 종강하고나서도, 시험칩니다, 미리미리하는, 최종정리랑, 매영상, 보며서, 답나옴, 발하면"
120992,"끝내주시고, 정병섭, 짧고, 일찍, 무조건, 들으세요, 중간1, 편의를, 굵게, 좋았음, 성논은, 드리면, 시험도, 항상, 없고, 최고의, 하나도, 편안한, 잡으세요, 주십니다"
1325151,"무조건, 송인욱교수님, 파생, 투자론은, 채권, 절대평가에, 투자론, 문제, 다만, 가끔, 위주로, 도움되는, 없이, 들으세요, 족보, 퀴즈, 학점도, 학생들, 많고, 좋으시고"
1325340,"전공수업, 내용, 재무, 설명도, 교수님이, 차근차근, 잘하시고, 시험도, 무난한, 문제도, 이해, 아직, 중간에, 정도로, 처음, 개념문제가, 갓희준, 전공입니당, 희준, 파이낸스"
1325475,"발음, 발음이, 그거, 이슈가, 출튀, 조금, 좋으신, 답이, 퀴즈랑, 힘들지만, 수업을, 과제, 있었는데, 과제는, 중간에, 별로, 수엄도, 발음빼고, 린슈친, 티타임도"
1325743,"경연, 경연은, 경연도, 실험들이, 로봇, 1등, 실험은, 레포트를, 은근히, 조교님들, 무조건, 잘해서, 열심히, 실험, 역시, 비중이, 보고서, 같아요, 레포트, 이번"
1325784,"양스선, 자체가, 과제보다, 어려운, 과목, 강의력은, 쉽게, 강의력이, 시험은, 좋다고, 않았지만, 풀면, 워낙, 교안도, 교수님이, 어려워서, 훨씬, 어렵고, 본인이, 느낌"
1326526,"주식, 관심, 족보, 경제, 좋을듯, 주식에, 온라인이라, 모의투자를, 시험은, 투자를, 대해, 사람들은, 가볍게, 많은, 유익한, 관심이, 같아요, 같은데, 아주, 듣기"
1326635,"글쓰기, 글을, 글쓰기에, 문법, 5000자, 현장에서, 쓰는, 일상의, 재발견, 현장, 연극, 글쓰기를, 좋은, 교수님도, 성적은, 있고, 주제가, 써야, 수업인, 수업은"
1326732,"지구과학, 성적이, 했으면, 내용도, 수강했습니다, 한번에, 무난히, 있으나, 교양, 주심, 시험은, 나오는, 들쭉날쭉하다고, 문과도, 쉬운정도입니다, 배우셨으면, 익숙한데, 천문학, 안나오더라도, 배워보자는"
1327584,"양이, 학점, 과제가, 갓계원, 만만세, 그자체, 보면, 몰아서, 하다, 잘하시고, 편이라, 시험, 두번, 출석은, 평균, 항상, 중간은, 되게, 나옴, 조곤조곤잘해주신다"
1328963,"마케팅, 발표, 많은, 많아요, 하지만, 브랜드에, 브랜드, 괴물들, 수업입니다, 복불복이, 경영학, 기업에, 심해요, 같아여, 팀발표, 꼽을, 그만큼, 수업이었습니다, 손에, 수업에"
1328964,"시험, 치팅, 페이퍼, 스터디, 모든게, 기말, 공부는, 열심히, 제대로, 양이, 없이, 죽창, 되면서도, 떨립니다, 결정돼서, 추천으려요, 방인, 두렵습니다, 좋을듯요, 경영학은"
1611803,"치팅시트, 주시는, 채워서, 복습해주셔서, 코로나, 재무관리, 학점을, 어려운, 내용을, 문제들이, 좋았습니다, 하고, 역시, 팀플은, 교수님이, 끝나고, 개념, 나왔습니다, 시간에, 했지만"
1611859,"모르겠다, 것은, 과제를, 알고리즘, 교수님이, 과제가, 도움은, 나서, 비율이, 것도, 과제, 통해, 난이도가, 시험을, 쓰는, 같이, 많습니다, 학점을, 열심히, 것을"
1611878,"지장없습니다, 재미도있고, 지식이라, 맞추시기가, 힘드신것처럼, 프린트에서, 그래프등을, 프린트물, 복습만하면, 보였습니다, 나올거라고, 쉽기, 학점에는, 설명만, 열린, 나온거, 분야의, 따라가고, 배웠습니다, 주어진"
1611904,"문학, 과제, 대체함, 꿀강, 자잘자잘한, 문학을, 시험도, 과제도, 들었습니다, 냈는데, 페이지, 매주, 주차, 느낌은, 좋아해서, 감상문, 않고, 과제로, 관심이, 중간기말"
1611905,"출튀, 채점, 시험, 논술형, 교안, 시험이, 기준도, 시험은, 열정적이시고, 강의력, 엄청, 빡세게, 2개, 교수님이, 생각을, 받으실, 서술형, 강의입니다, 적당히, 좋고"
1611923,"매주, 퀴즈가, 매우, 퀴즈, 교수님은, 난이도, 96, 공수, 학생들과, 안됨, 퀴즈를, 의견, 쉬워서, 교수님이, 퀴즈는, 난이도는, 훨씬, 모르겠지만, 혼자, 이거"
1611993,"일방적인, 동아시아, 세계사, 역사를, 흥미가, 질문을, 피피티, 문제는, 전혀, 아니라, 조망할, 일본과, 부각되지만, 한국도, 다루어지긴, 있다기보다는, 유도하시면서, 동아시아의, 역알못은, 역사의"
1612034,"중문과, 배울, 많습니다, 양이, 하지만, 양도, 온라인, 팀플, 그나마, 형성평가, 온라인임에도, 어학에, 매주, 중문과에서, 조원평가, 팀원들을, 어쩔수, 중국어로, 이후부터는, 학생들이"
1612043,"수업시간에, 강희석, 뮤지컬, 공연, 외우면, 교수님이, 수업이었어요, 많은, 영화, 오페라나, 다음학기에도, 뮤지컬에, 작품들을, 오페라, 배울, 배우는, 있는, 열심히, 들을, 외우고"
1612105,"랜덤배정이고, 목표진도를, 리뷰가, 쓸데없고, 나와있어도, 미생물의, 학명, 환경에서, 자라는, 외우지말라고, 출제되는지는, 국제어치고는, 읽어주십니다, 단순암기가, 평가라, 마쳐주십니다, 제공해주시는, ppt의, 앞부분에, 적혀있는데"
1612122,"3번, 시험, 과제, 퀴즈, 굉장히, 최형기, 기말, 열심히, 내용을, 시험은, 과제는, 재밌고, 이전, 마지막, 다시, 자체는, 프로젝트, 이해하고, 많다, 네트워크에"
1612228,"챕터, 열심히, 분석화학, 시험은, ppt로, 수록, 책으로, 중요, 배려, 그럭저럭, 많아서, 학생들, 한학기동안, 내용이, 교수님은, 교수님이, 푸는, 문제도, 그래도, 모르겠지만"
1612232,"앤드류, 앤드류응, ai쪽을, 퀘스쳔, 머신러닝을, 확통이랑, 선형대수학, 구글에, 선대, 직접, 그대로, 파이썬, 부분점수, 시험에는, 수업시간에, 듣지마세요, 솔직히, 입장에서, 수업이, 차근차근"
1612233,"갓재혁, 회로, 회로쟁이라면, 필수일듯, 못받을줄, 잘주시는것같습니다, 몰라요하는데, 의심됨, 교수님들만큼의, 포스가, 안느껴짐, 학점채워줌, 전압이득, 주파수, 보상, rail, op, amp를, 9개의, spec에"
1612245,"영어, 중간은, 오픈북에, 좋은데, 중간고사는, 평균, 성적이, 기말, 하나도, 큰일나요, 판서할때, 소문자, 섞어쓰시는데, 날려쓰셔서, 못알아먹겠고, 힘들었어용, 달아주셔셔, 개꿀아니냐고요, 문제는당일에휴강통보를하세요이거하나듣겠다고학교갔다가그대로집간게한두번이아니에요, 개조그맣게"
1612256,"과제가, 쓰는, 과제, 오픈북이라, 윤리적, 소비, 매주, 객관식을, 실천, 직관적이고, 기말, 객관식은, 개인과제, 중요할, 중간대체, 글쓰는, 한데, 친절하시고, 있고, 각각"
1612277,"받는게, 항상, 직배로, 받기, 수업시간에, 절대평가식으로, 됩니다, 시험도, 과제, 글쓰기, 에이플, 적고, 수업만, 꼼꼼하게, 에쁠, 않음, 열심히, 하는데, 좋음, 좋으십니다"
1612305,"법학, 암기를, 전에, 헌법, 과목, 2학년때, 약술형, 다른, 시험범위, 힘들었던, 미화, 없음, 의미가, 일주일, 답안, 최악의, 하게, 시험, 암기, 나올"
1612363,"과제, 진도가, 진도, 따라갈, 강의력은, 약속을, 늦게, 융통성있게, 후반부에는, 안알려주시고, 성적이, 많았어서, 성적, 그것, 놓치면, 중간, 같아요, 번에, 시간, 기말"
1688560,"발표, 영어, 계절로는, 피드백, 같아요, 목소리, 참고해서, 루브릭, 못해도, 좋아요, 전자출결, 각각, 괜찮았어요, 점수, 시험, 발표도, ppt, 중간, 해도, 하시고"
1688564,"퀴즈가, 매주, 발음, 알아듣기, 영어, 퀴즈, 동양사상, 생윤, 않아요, 강의를, 한번, 않고, 굉장히, 있어서, 있는데, 실시간, 열정, 엄청, 시험, 본인"
1688583,"프로그래밍, 배워서, 실습, 혼자, 매주, 충분히, 규정상, f인데, 봐서인지, 자서, 고난이도인, 포인터를, 실력인지, 회의감이, 반제수업, 다맞는듯, 찝어준거만, 출석이지만, 출석하니, 가이드에서"
1688585,"오셔서, 과제는, 수업시간에, 교수님이, 혜자가, 예아, 신사적인, 같으시면, 느끼시다, 그날에, 수업끝입니다, 두번째시간은, 수업시간안에, 충분하니, 마무리하면, 킹계원, 빛계원, 묻지말고, 들어라고, 말할수있는"
1688612,"별로, 독일식, 없다, 없는, 힘듦, 발음이, 알아듣기, 1번, 하지만, 2번, 있다, 추천, 뻔하다, 상식적인, 6번이었나, 쓸데없어디보여도, 따라가기조차, 분이기는, 독일에서, 올라오긴"
1688730,"영어, 과제에, 국제어, 대한, 영어를, 코로나, 팀플이, 모호하고, 아예, 맞는지, 다만, 이해가, 받지, 팀플을, 보지, 팀플, 잘하십니다, 없어서, 만족스러운, 들을"
1688763,"교안을, 과제는, 과제, 호명하면서, 부담스러워요, 읽으시는, 그대로, 이해가, 수준입니다, 프로그래밍, 단순히, 바로바로, 5번, 시험은, 걱정, 채점, 교수님께서, 많아, 무난한, 교안이"
1688764,"과제가, 구글, 어렵지만, 열심히, 매우, 과제, 과제는, 전자출결입니다, 익명, 네트워크의, 네트워크는, 나오는데, 어렵습니다, 어려워서, 잘해주신다, 학생들을, 엄청, 점수, 같다, 네트워크"
1688981,"가중치를, 마음대로, 비중을, 퀴즈로, 출석에, 출석, 듣지, 학생들이, 출석은, 학점을, 있지만, 조정하면서, 반영하겠다고, 대체하는거, 받아야되고, 학점인지는, 괜찮은줄, 알았으나, 안쓰신다하면서, 높이시는게"
1771992,"시험은, 온라인, 그래도, 감사했습니다, 강의는, 강의력은, 강의만, 출석도, 아캠, 좋으신데, 들어도, 해주셔서, 주셔서, 같아요, 항상, 성적을, 아니라, 잼관이라, 밑분, 전개되어"
1772065,"hpfp, 학점, 밤랩, 복전, 첫번째, 밤랩은, 어택랩은, 취소됐는데, 족보, 족보랑, 서버, 평균보다, 기말, 과제, 전범위, 이해가, 과제가, 사랑해요, 나왔던, 받았는데"
1772081,"양이, 밀리지만, 시험이, 많아서, 필기량이, 필기본, 헷갈리게, 필기할, 매주, 온라인, 시험은, 지식을, 편합니다, 객관식, 필기, 교안에, 성적, 힘들었습니다, 많아요, 학점을"
1772085,"반도체, 강의력은, 틀리게, 소리가, 틀린, 남는, 지식이, 학점은, 조금만, 많지, 그래도, 관련, 많아요, 않아요, 좋으신, 조절하시는데, 산염기, 별변력이, 화학식, 그부분"
1772092,"class, in, writing, 발표만, example, 시간만, 남들, 현장에서, 참고해서, 듣지마세요, 시키는, 지키면, 루브릭, 받을, 하라는, 것만, 얻어갈, ppt, 있는, 좋은"
1772105,"미적분, 성적은, 기말이, 아쉽다, 숙제, 공부, 수능, 열심히, 어렵긴, 갑자기, 너그럽게, 매주, 같아요, 평균, 되게, 젊고, 어려워지는, 구성하신, 미적1이야, 빨라져서"
1772106,"기멘수, 미적1이랑, 공부시간, 시키는게, 미적, 않다, 과제, 심지어, 평균보다, 학점, 받음, 2번, 열심히, 모든, 다들, 복습하는겸, 주시려다, 1이랑, 똑같다, 미분하고"
1772113,"퀴즈, 기말, 4번, 시스템에, 시작시간을, 설정을, 밑에서, 미뤄지고, tf가, 있어서, 코로나, 시험공부할때, 시간을, 매번, 웹엑스, 문제를, 이게, 풀면서, 전에, 했는데"
1772126,"리트, 1학점, 대체과제, 꿀강입니당, 중간, 기말, 대체, 학점, 번만, 편해요, 됩니다, 되는데, 없고, 좋은, 무난하게, 편하게, 없이, 준비하기에, 산출됩니다, 아리까리하다"
1772127,"1학점, 남는다면, 꿀교양, 둘다, 편한, 과제도, 꿀강, 많아요, 없어요, 좋은, 없이, 다른수업, 죄송스러운, 가져가게, 출석하기가, 차마시고, 오면됨, 1핫점, 50분은, 보고서였어요"
1772133,"리트, 추리논증, 했지만, 패스, 기준도, 대체과제, 문제, 수업만, 1학점, 학생들이, 들은, 기말, 중간은, 편하게, 하고자, 생각있으면, 안하실, 새내기인데, 무난한게, 부르세용"
1772158,"피드백도, 학글을, 학술에세이, 요약문, 논평문, 조모임은, 부담은, 과제, 없고, 다른, 상호피드백, 초고, 굳이, 아닙니다, 있는데, 주시는, 개요서, 과제마다, 요구하시는, 넉넉히"
1772165,"젠더, 했어요, 토론, 학우분들, 타임어택이라, 매주, 듣기, 다른, 다양한, 젠더에, 들을, 달아야, 될만한, 하는, 관련, 학우분들이, 소논문, 귀찮지만, 소리, 댓글"
1772223,"교수님이, 많은, 서평이랑, 스트레스, 열의가, 아는게, 빡세서, 학생들에, 다시, 많은걸, 이해는, 엄청나게, 찾아서, 빡센, 준비를, 조별과제, 것도, 수업과, 있어서, 듣다보면"
1772294,"참여점수, 참여점수가, 영어로, 단답형, 차이가, 교수님이, 시험은, 영어, 질문에, 봤는데, 솔직히, 스펠링, 책을, 원하셔서, 답하면, 채점하시는, 훨씬, 열심히, 때문에, 12"
1772312,"과제는, 프로그래밍, 증명, 꾸준히, 매주, 필기, 매틀랩, 4시간, 안배운, 다만, 과제를, 가끔, 매트랩, 에이는, 거고, 밀리지, 공부가, 시험은, 풀어서, 코딩"
1772325,"매주, 버스, 비해, 팀플, 1인분은, 개발, qa, 시트, 악명에, 유하게, 프레임워크로, 만난다면, 악명, 보고서, 하는, 절반은, 강의평처럼, 하자, 프로젝트가, 팀이"
1772333,"시험, 온라인이라, 있었다면, 두번으로, 수업이랑, 부담이, 없어서, 편함, 온라인으로, 매번, 같음, 것을, 부담, 몸은, 대가로, 내놓아야한다, db, 으어, 전애, 안나와있어서"
1772407,"포토샵과, 과제, 포토샵, 일러는, 매주, 일러, 하라는대로, 과제를, 물어보면, 진심, 좋은, 듣고, 친절하십니다, 배우고, 하지만, 학점, 괜찮은, 않음, 완전, 하나도"
1772445,"이상호, 많지만, 공부할, 아미노산, 양이, 미리미리, 공부량이, 강혜진, 두분, 수업하시고, 양은, 많아서, 외우고, 공부하면, 두분다, 바름이, 엄망이어서, 환기시켜주시고, 생명과학과면, 강의략은"
1772460,"골프는, 바워야겠다는, 골프에, 시설이, 열악해영, 좋았숴여, 소외되는, 어울리도록, 신경써주심, 있으신데, 다해서, 지식도, 가르치시고, 재밌으시고, 최선을, 학교, 생각, 좋으심, 학생, 들었습니다"
1856186,"한번, 관계없이, 중간은, 논어, 가장, 중간, 들으세요, 퀴즈, 한자, 퀴즈랑, 문제, 좋았던, 학생들에게, 퀴즈가, 그저, 해주시고, 이번, 않으려고해요, 빠져도되고, 논어구절들"
1856229,"발표, 중간고사, 발표는, 영어를, 시험, 넘었다, overview를, 발표가, 양자를, 아니면, 양자역학, 기말, 때문이다, 바짝, 40점, 중간만, 평균, 하지만, 자체는, 핵균"
1856241,"적용한, 일처리가, 영어, 팀플, 있는데, 개념을, 국제어, 말이, 팀플이, 느낌, 경영전공, 재외국민들이, 한국인인, 토익느낌이, 당황하기는, 나온거라, 부담제로였음, alex, jiyeong, 일상적으로"
1856244,"되어, 어렵지만, 재무관리, 과제가, 매주, 귀찮아요, 있고, 좋으신데, 교안도, 교안이, 어려움, 아직, 좋으십니다, 듣기, 용이하다, 주시려, cfa, lv2, 있지고, 쉬운편은"
1856276,"예제, 교재, 파란색, 숫자대입, 오픈북, 주심, 독학하면, 거의, 교재로, 교재에서, 시험, 나옵니다, 봤는데, 학점, 같네요, 기말, 국제어수업인데, 아쉬워서, 클로즈북이었어요, 포기하다시피한"
1856288,"알고리즘, 시간을, 생각할, 방식이, 재밌습니다, 수업이, ps, 문제를, 푸는데, 직접, 시간이, 영상으로, 풀이를, 부담스럽지, 문제, 수업은, 교수님이, 푸는, 재밌고, 배운"
1856407,"시험, 시험도, 없고, 범위를, 주요, 번으로, 같아요, 교안, 크게, 어렵지, 좋으시고, 쉬워요, 듣고, 교안만, 서술형, 성적, 중간, 완전, 열심히, 시험은"
1927856,"교직, 모르겠음, 레포트, 교육에, 교수님이, 배웠다는, 대체, 레포트로, 에세이로, 중간고사도, 느낌은, 자신의, 교수님은, 좋으신데, 비율, 점수도, 다만, 아님, 없고, 생각을"
1937034,"윤민향, 성균논어는, 댓글, 중간대체, 논어, 진행, 발표, 토론, 구절을, 교수님이, 성균색에세이, 순서가, 밀려서, 있었습니다, 절대평가로, 약술형, 파일, 아니라, 주십니다, 들으세요"
1937036,"스피치, 토론, 발표, 학점미화됨, 평가기준이, 학점, 한번, 수업시간에, 받기, 특성상, 성적, 하셔서, 정치얘기도, 언급할때, 참고해야지, 같에요, 딴짓만해서, 안좋았습니다, 조곤조곤한, 모호하다고는"
1937037,"과기글, 과기글은, 교수님은, 버스, 교수님이, 팀플, 조별과제가, 잘못, 많고, 과목, 팀원, 논문, 특성상, 쉽지, 주제, 피드백도, 좋으심, 다시, 열심히, 좋음"
1937066,"물리, 엇학기로, 목소리가, 열심히, 잘받아주심, 노베라, 작아서, 예제만, 하시는, 독학하기, 귀여우심, 나머지, 걱정, 똑같이, 수업을, 예제, 질문, 들었는데, 좋았어요, 작으시긴"
1937067,"시험, 물리, 대체과제, 문풀, 물리를, 얻어가는, 없고, 없이, 머리, 없는, 때문에, 다만, 너그럽게, 2번, 대체, 레포트, 따로, 나옴, 편하게, 것이"
1937082,"서지학에, 전시회, 시험, 서평, 귀여우시고, 서지학이라는, 전공다운, 교수님이, 들을, 갖게, 한자가, 알아갈, 흥미를, 모두, 분야에, 있어서, 하는, 비쁠, 알려주셔서, 나올"
1937117,"매주, 과제, 과제가, 중국, 마케팅, 중간, 있지만, 개인적으로, 중국에, 기말과제에, 내용, 많은, 중간과제는, 반영하면, 3일, 다니면서, 같아요, 기말, 했더니, 수업입니다"
1937125,"재무관리, 재무, 팀으로, 문제는, 그래도, 답변도, 나옴, 교수님이, 밀리지, 다들, 어렵지도, 팀플, 기말, 않고, 주신, 들어야, 전체적으로, 훨씬, 학점, 후하게"
1937127,"족보, 족보가, 족보에서, 문제은행, 학생들이, 매주, extra, 매주있고, 틀려도, 나옴, 끝납니다, 내심, 기말은, 별개로, 계산, 달달, 과제, 거의, 사람은, 과제도"
1937129,"퀴즈, 김일중, 중간, 평균, 받았습니다, 나오는, 공부한만큼, 나름, 열심히, 좋았습니다, 생각해요, 문제, 꽤나, 많은, 퀴즈는, 매우, 국제어, 평균보다, 어려움, 성적"
1937143,"시험, 족보, 미적분을, 구하고, 예전에, 미적분, 복습만, 플립러닝, 퀴즈, 족보는, 4번, 문제, 족보랑, 주는, 사실상, 잘하면, 그래도, 공부할, 있는, 처음"
1937144,"얘도, 어려워요, 구하시길, 이해가, 강의력은, 영어, 족보, 성적은, 강의력, 예제, 조금, 평소에, 같아요, 영어로, 처음, 시험에, 습득이, 따라는, 들긴함, 짝게"
1937146,"프로젝트, 파라미터, 딥러닝이, 딥러닝, cnn, 모델, 공부한, 내용을, 그나마, 실습코드, 설명하기, 딥러닝에, lstm, 프로젝트만, 개수, 기말, 감독, 혼자, 수업을, 수학적으로"
1937178,"퀴즈, 시험, 수도, 최형기, 그래서, 퀴즈는, 힘들었어요, 정도, 좋은, 유머러스하심, 시프는, 좋습니다, 나중에, 퀴즈가, 2번의, 훨씬, 온라인으로, 때문에, 수업을, 문제"
1937179,"매주, 퀴즈가, 강의력, 좋으십니다, 퀴즈를, 최적화, 점수가, 과제, 이번, 있는, 강의력도, 퀴즈, 강의력이, 하게, 시험은, 귀찮긴, 거의, 퀴즈는, 매우, 하지만"
1937180,"자료구조, 과제가, 과제, 강의는, 코딩문제, 자료구조를, 좋은, 과제로, 과제를, or, 충실히, 입장에서는, 많고, 하니까, 2개, 받았어요, 코로나, 같아요, 있다, 내내"
1937215,"고전, 읽어야, 교수님이, 많아요, 들은, 텍스트가, 영문과에서, 말씀해주시는데, 고전을, 그리스, 로마, 내용, 텍스트를, 넘치시는, 시간이, 빡세요, 수업시간에, 흥미로운, 수업입니다, 많아서"
1937249,"프랑스어로, 갓희태, 그저, 설명해주시고, 비평문, 한국어로, 영화에, 중간고사는, 최대한, 분량의, 프랑스어, 대체과제로, 배려, 학생들, 영화, 국제어, 무엇보다, 학생들을, 해주셔서, 레포트"
1937258,"서예, 서지법, 피드백, 힐링, 서지법3, 4도, 서예도, 덕분에, 학생, 쓰는데, 천사, 들으세요, 에이쁠, 없다고, 최고, 전공, 해주시고, 좋은, 서예를, 분위기입니다"
1937261,"실체법, 쉽게, 굉장히, 해주셔서, 깔끔한, 과제도, 난이도도, 전교조, 실체법을, 채권법, 기판력, 갓애라, 워낙, 시험, 같아서, 느꼈는데, 열심히, 코로나, 학기로, 교수님께서"
1937302,"정역학을, 책연습문제, 150개정도, 다풀고, 무난무난했음, 부담스럽진않았음, 당혹스럽, 쉽게나와서, 없었던거라고, 생각하는중이긴한데, 학점말고는, 불만없는, 잘하시는편, 베끼다가, 모기같은놈들, 다룬다, 쉬웠다고, 중간만점, 답변해주셨다, 10퍼라고"
1937306,"식생, 문제는, 적어도, 중요하게, 얻어가는게, 학점이, 그런지, 배운, 않은, 있을, 14주치를, 오프라인이지만, 시험친, 다른과목처럼, 괴랄하게, 낼것을, 대비했지만, 15분전에, 안그럴거같다는, 쏟아부어야함"
1937308,"선착순으로, 오프라인, 발표를, 강의력은, 온라인, 학생들이, 갈수록, 다른, 기본적인, 선착순, 질문을, 무작위, 학생들, 굳이, 보고, 학생들에게, 진행됐습니다, 시킴, 오프라인에서는, 발표"
1937322,"강의력, 잘해주십니다, 족보랑, 강의력이, 들었던, 명강의, 과제는, 첫번째, 구해서, 설명을, 같다, 꼼꼼히, 과제를, 시험은, 소홀이하면, 잘봐도, 메모오리, 매니지먼트, 메모리라, 강사님인"
1937335,"모호한데다가, 안해준것도, 빵점이, 빵점받음, 채점하는데는, 왜그리, 오래걸리는지, 몇주동안, 올려주던데, 보긴한건지, 뜨니까, 영어로하다가, 안되겠는지, 학생있음에도, 한국어로함, 찾아보라함, 실습점수가, 수준이었으나, 갈아넣은, 허탈함"
1937430,"짜게, 앞으로, 반공을, 에탐, 10을, 필요없음, 학점까지, 해주는, 나와봐야, 학점을, 알겠지만, 처음으로, 반도체, 없음, 수업시간에, 라고, 1도, 부분에서, 통해, 모르는"
1937454,"동화, 매주, 토론, 읽고, 퀴즈, 동화를, 글로벌, 팀플, 없어졌고, 동화에, 있어요, 현대, 중간, 토론합니다, 기말, 성실하면, 발표, 매번, 점수, 점수가"
1937524,"박람회, 창업, 2학점, 보고서, 온라인, 과제, 린캔버스, 2개, 다녀오면, 부담은, 기말고사, 하나, 기말, 그것도, 작성, 귀찮긴, 됩니다, 가서, 영상, 관련"
2009670,"스터디, 케이스, 스타벅스, 영어교안, 다음, 케이스스터디, 대폭, 기업, 과제를, 문제는, 과제, 분석하는, 없어서, 평가가, 되었습니다, 피드백이, 대한, 피드백을, 때문에, 분량"
2009679,"조금, 과제가, 교안이, 코딩을, 초반에는, 코딩, 과제는, solow, 학생들에게, 답변하는, 있었습니다, 까다롭습니다, 그래프, 적극적으로, 경제, 교수님께서도, 좋아요, 초반에, 이해하고, 질문에"
2009720,"족보, 매주, 족보랑, 만점, 자료구조, 구하는, 학점, 실수, 코드, 족보만, 않고, 듣고, 똑같이, 온라인이라, 공부하고, 나온, 하지, 퀴즈가, 그대로, 제대로"
2009739,"촘촘하고, 많아서, 분포가, 시험도, 깔끔합니다, gpt, 출석, 깔끔하고, 점수, 성적, 얻어가는, 않아요, 좋으세요, 강의가, 시험에, 햑심, 들어가있고, 5번이고, 되소, 풀만했어요"
2009767,"루쉰, 이광수, 국문과, 발제, 비교하는, 작가, 독후감, 발제문, 발표, 기말과제는, 2회, 진행되고, 대체과제로, 있고, 것도, 웬만하면, 크지, 종종, 시간도, 분량"
2009857,"흥미로움, 유익합니다, 사회학, 뉴스, 최근, 잘하심, 지식, 논문, 두번, 하심, 재밌고, 있는, 같은, 따라잡기, 일들에, 사회학적, 인서트를, 하도록해서, 선녀과목, 인줄"
2009908,"프로젝트, 프로젝트를, 이미, 종설입니다, 종설이다, 느낌상, 종설, 선정하는, 주제와, 정하고, 다른, 수준이, 비해서, 한다, 팀원, 만나면, 실습, 아무것도, 바탕으로, 주제"
2010023,"글로벌, 많고, 형식만, 중에서는, 중에, 것이, 인터뷰, 착하심, 단점은, 지키면, 편의, 친절하고, 점수, 얻어갈, 교수님이, 친절하십니다, 무엇보다, 많지만, 만점, 학생"
2010024,"솔직히, 기말은, a0는, 가끔, 재밌으시고, 공부, 학점에, 시험이, 출튀는, 다르게, 글로벌, 이걸, 족보랑, 교수님이, 있긴, 난이도가, 중간고사는, 적당히, 같아요, 출석은"
2010032,"글쓰기, 교수님의, 친절하시고, 조은정, 피드백도, 하나하나가, 말곤, 해주시고, 과제, 재밌게, 과제가, 글쓰는, 좋은, 중간고사, 없는, 수업도, 수강신청, 않을, 대학, 바탕으로"
2010037,"프랑스어, 교수님이, 외우면, 출석, 듣고, 하나도, 결석, 전환도, 시험, 수업만, 일교시, 시험도, 노베로, 없고, 배려해주시고, 분이라면, 3일, 중간, 단어, 에이쁠"
2010043,"있을만한, 정치학, 정치학에, 열심히, 정치에, 발표, 입문, 충분히, 공부만, 편안하게, 같아요, 너그러우시고, 기말은, 주시는, 빼면, 교수님께서, 평소, 꿀강입니다, 한학기, 피피티"
2010058,"교수님이, 친절하심, 오프라인이었으면, 대체과제여서, 못한게, 늦게오면, 좋은, 실강으로, 코로나학기라, 과제도, 진정한, 열정적이세요, 중간, 교수님을, 점에서, 많아서, 대한, 있어서, 변별력이, 좋았다"
2010106,"토론, 시스템이, 되시면, 바뀐, 발표, 거의, 이게, 부담스럽긴, 하지만, 중에, 대해, 온라인, 모두가, 족보, 받기는, 몇번, 방식이, 문제, 풀면, 모르겠어요"
2086869,"요약, 논평, 학글이랑, 읽고, 발표하고, 에세이, 교수님은, 고통스러워요, 책을, 발표를, 써야하는데, 시너지, 많아요, 교수님이, 끝입니다, 과제입니다, 철학, 열심히만, 하고, 내용이"
2086870,"출석, 안해주십니다, 열심히, 병결, 고명북에, 다른, 생각할, 중요하고, 학기, 적어서, 내용이, 힘듭니다, 편합니다, 그래도, 과제는, 같아요, 딱히, 최대한, 중에, 성균인의"
2086871,"영화, 영화란, 앙드레, 바쟁의, 공자, 무엇인가, 대해서, 영화에, 관점에서, 우리가, lt, 라는, 책을, 여러, 있는, 것이, 아무생각도, 직배아니면, 고전명저라길래, 프랑스의"
2086874,"매주, 조장은, 조장의, 퀴즈, 찾고, 조장이, 도망가, 보고서를, 만점에, 시간, 토론을, 힘들었음, 발표, 받아서, 보고서, 레포트, 토론, 다들, 토론수업, 직배받은사람들"
2086876,"질문도, 과제도, 좋은, 없고, 수업도, 오프라인, 없어요, 글쓰기, 오픈, 막판에, 별로, 착하십니다, 편했습니다, 받아주시고, 고명북, 됩니다, 오픈북이라, 거의, 쉽습니다, 착하시고"
2086877,"20분, 성선설, 성선설에, 대한, 비쁠, 동안, 교수님이, 좋은, 철학에, 시험이, 내용과, 분입니다, 질문에, 좋았던, 시험, 모르겠어요, 암기, 에쁠, 없어요, 좋으신"
2086880,"교수님은, 과제가, 미리, 토론, 다른, 한데, 토론이, 친절하시고, 사회자, 기록자나, 맹자에, 매주, 생각을, 생각, 많은, 개별, 조별발표, 학점, 적는, 말하는"
2086881,"매주, 친절하시고, 댓글, 부담, 읽어야, 있어요, 열심히, 다루는, 수업이에요, 토론이, 재밌어요, 생각을, 살짝, 그런데, 많지만, 영상, 않아요, 좋은, 수업에, 수줍어하시는"
2086883,"파우스트, 유쾌하심, 직권배정, 읽고, 거의, 내내, 교수님이, 않았다, 매주, 책은, 들으면, 읽으면, 일단, 가지고, 고명북, 과제도, 들었던, 한학기, 다른, 아니고"
2086884,"생각을, 출석, 반영, 시험, 고명북, 없는, 중간, 기말, 점수, 평가기준, 성적공시, 반영을, 성적을, 성적, 별점, 낮게, 길게, 최악, 기준도, 것도"
2086885,"토론문을, 매주, 마의, 책을, 그만큼, 읽고, 토론, 토론문도, 분량만큼, 독일, 토론문, 작성한, 하지만, 과제가, 읽으면, 책이, 것도, 작성, 토론을, 집중해서"
2086887,"고명북, 됩니다, 없고, 분량, 우상수, 그날그날, 있는데, 수업을, 수업은, 다른, 최고의, 분위기도, 좋겠습니다, 하는데, 이것도, 책도, 화이팅, 간단하게, 에이쁠, 열심히"
2086888,"정치적, 발언, 학점은, 호불호가, 모호해지는, 하심, 정치색, 격주로, 맞으면, 생각했는데, 재밌었습니다, 교수님입니다, 걸리면, 대학, 관심, 학점, 느낌, 글쓰기, 좋을, 좋음"
2086889,"책이, 친절하십니다, 고명북, 과제가, 엘씨끼리, 평가, 중에서는, 교수님이, 내용은, 추천합니다, 기준도, 하고, 걸리면, 어렵긴, 팀플도, 좋은데, 잘하면, 하지만, 본인, 성적"
2086890,"에세이, 도망가세요, 직배, 열정적이시고, 최종, 교수님이, 개인, 학기, 조별, 걸렸으면, 받게, 매주, 있는, 교수님의, 싶다면, 원하시는, 많고, 과목, 자신의, 자체도"
2086891,"발표, 질문, 부담이, 좋았습니다, 맡은, 외울거, 매우, 과제도, 좋으십니다, 매주, 없습니다, 대해, 적습니다, 교수님도, 없어서, 열심히, 조별과제가, 한번만, 시험은, 좋아요"
2086894,"매주, 열성이, 재미없고, 성적이, 역사에, 재밌게, 정리해서, 열심히, 수업인, 힘들었지만, 교수님께, 평소, 과제가, 절대, 않아요, 좋으세요, 좋고, 별로, 부담이, 상상의"
2086895,"고명북, 있었고, 학생들을, 좋으세요, 강의도, 좋았어요, 넘치시고, 일단, 교수님들, 저희, 분입니다, 교수님입니다, 좋았던, 최대한, 좋은, 하시고, 중에, 수업에, 되게, 했는데"
2086896,"양명학, 내내, 성적, 토론, 토론을, 기준을, 양명학에, 매주, 모르겠어요, 모르겠고, 교수님은, 성적을, 기준으로, 토론하는, 한자, 솔직히, 학생들, 1학기, 기준도, 학기"
2086897,"발표, 발표를, 열심히, 토론이랑, 교수님은, 하루에, 시간마다, 교수님이, 매주, 시작, 맞을, 철학, 수업시간에, 해야함, 이미, 참여, 하고, 좋아하는, 수업시간, 한번씩"
2086898,"모르겠는, 외우고, 직배, 걸리면, 외우다, 암기입니다, 일본인, 교수님은, 통으로, 일본, 시험, 전부터, 이해가, 착하심, 있는지, 외워야, 필요, 없고, 외우면, 보는데"
2086901,"밥도, 사주시고, 직배로, 최고의, 수업을, 좋으신, 듣게, 싶습니다, 배정받으셨다면, 커피도, 만난게, 행운이었습니다, 학생들, 행복했습니다, 있었습니다, 축제, 운이, 된다면, 하셨습니다, 기회가"
2086902,"질문에, 대한, 읽고, 답변을, 책을, 답을, 발표를, 준비해가야함, 매주, 원하는, 발표, 읽어야, 답이, 귀여우세요, 받을, 기본, 어렵지, 있어서, 봐주시고, 받아서"
2086904,"4000자, 글쓰기, 철학에, 힘들어요, 평가, 중간기말, 수강했고, 에세이, 분량을, 대한, 기준을, 수가, 글을, 기준이, 과제가, 힘들었습니다, 관심이, 매주, 질문, 있는"
2086905,"포카혼타스, 이방인, 교수님이, 써야하고, 중간고사는, 질문이나, 관점을, 배울, 수업에, 매주, 이름도, 생각해, 토론, 작성하는, 열심히, 많다고, 학생들, 보고, 것입니다, 내용이"
2086906,"통섭, 미술관, 박물관, 책이, 토론극도, 읽고, 매주, 책을, 평가, 토론하는, 감상문, 전체, 의견, 권위적이지, 같아요, 조별, 어려워서, 어렵고, 생각과, 과제를"
2086908,"전날, 없고, 맞습니다, ppt만, 하는데, 토론, 참여하고, 재미도, 친절하시고, 수업마다, 편한, 거라, 편이라, 시험, 거의, 과제도, ppt, 딱히, 열심히, 재밌게"
2086910,"에세이, 열심히, 있는, 강의력이, 것도, 기말, 듣고, 철학적인, 화가, 별로라고, 얻어가는, 거의, 성적, 미리, 중간, 건지, 흐름을, 수업입니다, 내용이, 과제"
2086911,"과제가, 매주, 걸리면, 농담, 과제, 성적, 기준도, 주제가, 하는, 많다, 교수님이, 기준이, 그래도, 중간, 써가야하는, 유머인만큼, 웃음, 찍히는거고, 행동하면, 찾아오라하시고"
2086912,"팀플, 없고, 사회학을, 고명북, 과제가, 분량도, 중간, 교수님이, 기말, 최고의, 하나도, 부담, 과제, 고명북이, 출석체크도, 다른, 수업내용도, 편하게, 앞에서, 듣다가"
2086913,"격주로, 독서노트, 주제가, 에세이, 교수님은, 주제, 좋으신, 문제제기, 건투를, 준비해야함, 빕니다, 난해하고, 난해함, 발표, 학점미화됨, 대체, 발표해야, 마지막, 발표랑, 학점"
2086914,"매주, 책도, 어렵고, 강의평, 하실, 이승만, 박정희, 간식도, 중간, 보고, 정치색, 발언, 질문, 후반부에, 잘못된, 과제도, 좋으신, 시험, 과제가, 작성하고"
2086916,"약간, 목요일에, 주까지, 일요일까지로, 설정해두어서, 수강생들도, 필요까진, 뭐라는지모르겠는수업, 이걸들을바엔, 철학입문, 답해주셔서, 감동이였음, 신설된, 주제도다르고, 다르고, 다른것같아요, 김연순교수님은, 놀이를, 슈업하시는데, 철학적으로"
2086919,"대체, 갓조일, 중간, 발표, 대체과제, 분량이, 아방가르드, 안잡으심, 제출이고, 기말, 시험은, 10페이지, 중간기말, 매년, 예술에, 뭐라, 같아요, 작성하면, 자료, 고명북"
2086920,"직배, 고명북, 인생, 조원경, 좋은, 당신은, 자기가, 조언도, 읽음, 교수님이, 5페이지, ppt, 걸렸으면, 그저, 사주시고, 걸렸다면, 해주시고, 없고, 밥도, 친해질"
2086922,"교수님이, 갈리는게, 재수강으로, 글쓰기, 같음, 갑니다, 그냥저냥, 발표, 말을, 자주, 받고, 마지막, 자체는, 다들, 좋으세오, 학점미화이긴, 세게, 따듯한, 조그마한, 시험이아"
2086924,"프랑스, 책을, 교수님이, 고명북, 읽어가야하는, 조별, 사랑, 꿀은, 토의, 매주, 읽기, 못할, 이런거, 책도, 일단, 토론도, 것도, 재밌었어요, 교수님께서, 조금"
2086925,"성균논어, 족보, 그리, 재밌지는, 성균색, 적당히, 다른, 그래도, 수업하십니다, 출제됩니다, 않습니다, 말고는, 보고, 과목, 족보에서, 채워서, 알려주시고, 교수님은, 시험도, 조금"
2086929,"유쾌하시고, 꿀은, 시험, 외울게, 글로벌, 같아서, 일찍, 보는, 같아요, 강의도, 열심히, 취준하면서, 인정도, 녹본도, 각이다, 37점, 67로, 25년, 되었었는지, 경계가"
2086931,"인도, 3번, 가져오셔서, 핵균으로, 꿀강의, 없고, 중에, 두개, 주신다고, 과제, 교수님께서, 쓰고, 꿀강입니다, 있게, 해주십니다, 영상, 아직, 에세이, 대체, 레포트"
2086933,"늦어도, 발표, 중요하게, 같아요, 피드백, 열심히, 토론은, 토론, 일분만, 출결, 지각으로, 스토를, 주시는, 점수, 처리, 참여점수, 학우들, 출결이, 좋음, 생각하시는"
2086935,"갓동규, 배려, 사용을, 시험도, 없고, 사실, ai, 학생들, 발표도, 알려주셔서, 학생들을, 오히려, 중간, 최고의, 전에, 좋겠다고, 알려주실, 때만이라도, 스토하기, 스토하실거면"
2086940,"창융디, 죄가, 교수님은, 창공, 모르겠는, 조별과제, 과목은, 그렇다고, 없고, 성적을, 이런, 열심히, 점수를, 자체가, 자체는, 결과도, 미제공, 양식과, 까인거, 문제였을지"
2086956,"소설, 강의입니다, 기말, 근현대사에, 좋으시고, 대학다운, 거의, 문학을, 문학에, 그래도, 1교시, 성적은, 알려주셔서, 모르겠지만, 아직, 수업에서, 같아요, 계속, 글쓰기, 좋으십니다"
2086961,"철학에, 교안, 출튀, 시험, 과제도, 없으면, 관심, 정치색, 관심이, 잡으심, 출튀도, 정보, 추천, 혹은, 수업이, 하니까, 들을, 강의라고, 안듣고, 깐깐하게"
2086975,"실험, 조교님을, 조교님은, 조교님께서, 레포트, 저희, 채점, 조교마다, 매주, 다음, 열심히, 보고서, 쓰면, 레포트에, 점수를, 채점도, 차이가, 일단, 아무, 조교님"
2086979,"대중음악에, 투표로, 발표가, 토론과, 10조, 교양수업, 토론하고, 학교, 발표, 발표하는, 쉽습니다, 너무너무, 아니면, 오픈북, 기준이, 발표를, 과목입니다, 매주, 재밌고, 중간"
2086981,"퀴즈, 매주, 퀴즈가, 기말, 지피티, 유익함, 시험도, 예술에, 들으면, 논술형, 있음, 오픈북이라, 퀴즈는, 없고, 오픈북, 하지만, 있긴, 모르겠음, 양이, 부담"
2086986,"한문, 쏙쏙, 귀에, 과제는, 수업도, 학기, 교양으로, 배려해주십니다, 시험, 부담되는, 레포트는, 부분에, 좋은, 독후감, 느껴집니다, 하게, 에이플, 학점은, 범위, 않았지만"
2086987,"오페라, 뮤지컬, 필기를, 열심히, 뮤지컬이나, 과자, 받아적으면, 필기, 교수님이, 많아서, 됩니다, 교양을, 시험도, 오픈북이어서, 필기만, 통해서, 열심히하면, 재미있고, 오픈북이라, 자세히"
2086995,"ui, 설명이, 대체과제, 서비스를, 프로토타입을, 오픈채팅방을, ux, 흥미롭지만, 코로나, 매끄럽지, 프로젝트가, 팀이, 아니어서, 소통하려고, 개인적으로, 중간, 재미있었습니다, 기말, 기말은, 학생들과"
2086998,"맞으시고, 변리사, 변리사를, 써보는, 교양입니다, 다른, 핵균, 쓰시면, 시험은, 보고, 것도, 객관식, 내용에, 갑자기, 자세히, 거의, 관심, 질문, 같고, 중간"
2086999,"논리학, 논리학에, 좋고, 매주, 시험, 중간, 관심, 75, 내용, 논리, 중앙값, 좋을, 제때, 추천합니다, 교수님의, 퀴즈, 들으실, 기말, 에이쁠, 있으신"
2087005,"1학점, 학점, 채우기용으로, 군학점으로, 구글링하면, 할게, 쉽고, 중간, 대체, 좋은, 기말, 최고의, 없이, 할게없어서, 영상틀어놓고, 딴짓하기, 아여, 2개있고, 무난하십니다, 채우기용이라면"
2087040,"경영통계, 경통, 사이트에, 어렵지, 주시는, 외부, 엑셀, 소통, 기말은, 코드, 공지, 학기, 경우가, 중간중간, 없고, 들어야, 있긴, 어차피, 코로나, 뭔가"
2087072,"정형모, 10개, 과제는, 과제가, 있는, 나온다, 생각하면, 과제, 그게, 과제도, 하지만, 학점, 않은, 받았습니다, 시험은, 재산이다, 공부된다, 풀기만, 5문제나, 몇문제가"
2087081,"토론, 생각을, 지엽적인, 참여, 교양, 대한, 시험, 가능한, 생각하시면, 발표에, 책에, 토론을, 발표, 원하는, 발표가, 없다, 모르겠음, 있다, 느낌, 열심히"
2087092,"문제를, 퀴즈, 교재, 연습문제, 공부해서, 시험은, 문제, 하지만, 같다, 무난하게, 열심히, 나옵니다, 화공의, 얼심히, 앞으로가, 매우귀찮다, 때려박아야하지, 강의실수업에서는, 나왔을듯함, 백지"
2087095,"반도체, 공정에, 재료에, 재료, 재밌게, 믿고, 양은, 출석, 가르쳐주시고, 들을, 범위가, 재미있게, 많지만, 상당히, 출석은, 많습니다, 마지막, 양이, 있을, 없습니다"
2087097,"화장품에, 화장품, 강의저장이, 양이, 알앤디, 교안에서, 짜게, 재미있고, 수업을, 어렵게, 힘들었습니다, 해주시고, 숙달하시는게, 케이스였는데, 화장품쪽으로, 강의녹화가, 수업집중해서, 화장품강의라, 흥미있으심분들에겐, 재밌을듯"
2087098,"전지, 유튜브, 갓찬화, 시험, 과제, 일절, 없었는데, 없음, 바로바로, 기초, 기말, 계산, 이해할, 그리, 하지만, 학점, 개념, 부분이, 관련, 꼼꼼히"
2087120,"없다, 톡방보니까, 깐깐한거같아서, 평가하였다, 야로나, 특수일, 문제형식은, 10문, 20문으로, 3문젠가, 야로나학기라서, 시뮬링크로, car, 만들어오는, 대체되었으니, 가능성도, 9주차까지는, 개론수준만, 하이브리드차, 자율주행차"
2087121,"그대로, 강의력은, 조금, 과제에서, 과제문제, 대부분, 강의력이, 시험문제가, 그래도, 영어말고, 기계과라면, 기계설계, 기준만을, 솔직히, 답을, 텀프로젝트가, 친절하게, 열심히, 과목인것, 텀프로젝트"
2087127,"이호준, 3번, 영어, 과제는, 친절히, 발음도, 잘하십니다, 하는지, 재미있게, 어렵지만, 과제도, 한국어로, 좋으셔서, 친절하게, 2번, 녹화하셔서, 아캠에도, 국제어수업인데도, 다르다고, 보안"
2087142,"듣고, 교수님께서, 교수님이, 재미있어요, 교수님의, 다양한, 재밌어요, 전공, 전부, 좋은, 편하게, 듣기, 바궜어요, 썰이, 사회학과라면, 들어보기, 사회힉이론을, 점애서, 에세이형, 적합해보입니다"
2087144,"프랑스어, 전공새내기면, 문법, 토대로만, 문법을, 시험도, 하지만, 기초부터, 무리, 실력, 많았어요, 시험은, 받을, 분은, 괜찮습니다, 빠르게, 쁠은, 알려주시고, 자잘한, 꼼꼼하게"
2087149,"1시간30분이었는데, 촉박했네요, 무감독, 20문제를, 봤어요, 기말고사를, 내셔서, 오픈북으로, 온라인으로, 그런지, 시간이, 시험"
2087152,"음악, 예술을, 조금이라도, 감상문, 범위, 미술, 강의후기, 사랑하시는게, 코멘트도, 관심이, 밤새서, 달아주시고, 음악에, 예술에, 그때그때, 시험, 교수님이, 작품, 강의와, 대해"
2087184,"아캠강의로, 철학자입장, 꿀빤거같긴함, 보여주시진, 받았기에, 지나가겠음, 학점잘나와서, 4점이지, 보았을땐, 3점정도, 뭔소린지도, 때려칠까, 공부할때는, 개많은데, 조용히, 강의로만, 잘주셨습니다, 이루어지는데, 2번정도, 답도"
2087213,"4번만, 없고, 1교시, 아침, 시험, 과제만, 수업이라, 과제, 교수님의, 좋지, 빼면, 됩니다, 교수님이, 있는, 편하게, 수업능력이, 젠틀하시구, 열심히하세여, 출결이고, 들렸으나"
2087214,"광고, 세줄일기, 콘티, 기업, 개인적으로, 3학점, 만드는, 실습, 좋게, 새로운, 추천해요, 내용, 과제로, 코로나, 아니고, 있는, 없이, 늘리셨습니다, 4군데에서, 2군데를"
2087216,"매주, 경제학, 산업분석, 코로나, 과제, 피드백이, 토론, 토론이, 과제가, 중간, 콘텐츠, 기말, 많은, 경제학에, 매우, 미디어, 주제도, 관련한, 보고서를, 어려운"
2087230,"필기, 시험, 많아서, 내용이, 설명도, 만점, 오픈북인데, 잘하세요, 매주, 토론, 크게, 시험은, 과제, 편하고, 교안에, 있었는데, 과제는, 미리미리, 있었습니다, 들었습니다"
2087304,"피드백, 콘텐츠를, 기획안, 최종, 금방, 과제, 과제가, 최종기획안도, 기획, 컬텍, 기획하고, 매주, 피드백도, 있어서, 콘텐츠, 싶었던, 발표, 수정하면, 만점, 많은"
2087310,"영화, 한국, 영화를, 영화에, 그래도, 쉬워서, 감독, 바라보는, 시험은, 어떻게, 기말고사, 대해, 좋아하면, 영어, 얻는, 흥미롭게, 전반적인, 시험이, 지식을, 대한"
2087318,"진도가, 등수를, sql, 쿼리, 공시가, 필요해서, 전자출결은, 미리미리, 매우, 하지만, 진도는, 과제는, 공부량이, 내용을, 출석, 단점은, 좋지, 알았는데, 오프라인으로, 기출"
2087320,"실습, 마지막, 뭔가, 과제, 매우, 프로젝트, 빼고는, mvvm, 플러터, 퀴즈, 주차과제는, 이슈가, 디자인, 프로젝트는, 만족, 내용들이, 만드는, 일이, 없어서, 열심히"
2087333,"조교님들이, 네트워크, ns, 후반에, 리눅스, ns3를, vim, git, 도커, 때문에, 과제, 팀플, 기간에, 프로젝트, 과제가, 사용법, 3로, ns3, 시험, 마지막에"
2087444,"국제, 대해, 정세에, 알려주셔서, 서술형, 해주셔서, 들었습니다, 2문제, 좋은, 이야기를, 실제, 기말에, 가면, 시험, 교수님이, 꿀강, 문제도, 전공, 중간, 중에"
2087530,"1학점, 채우기, 학점, 이수, 재난, 영상, 없어요, 애매하게, 남으면, 30분, 들으면, 과목, 이거, 적당히, 완전, 재난의, 출결이면, 날먹임, 일자랑, 알아보셈"
2087531,"2학점, 미리미리, 학점, 근현대, 스밍, 좋습니다, 받기, 개꿀, 쉽고, 강의가, 듣기, 들엇고, 얻어감, 이틀이면, 꿀꺽, 듣기에요, 묵자, 도전과, 평화의, 사상가"
2168579,"부담, 대본, 데이비드, 영어, 토론이라고, 퀴즈, 영발과, 영토, 좋아요, 들을, 영발보다, 대본을, 프리토킹, 발표, 해도, 친구랑, 같이, 좋으세요, 영발, 교수님이"
2168580,"토론, 영어, 교수님이, 토론은, 루브릭, 주제가, fun, 영어를, 원어민, you, 되게, 좋았지만, 재밌으시고, 퀴즈, 루브릭만, 유쾌하시고, 토론도, 주제를, 분은, 글로벌"
2168590,"과제, 맞춤법, 편의를, 과제가, 해주시고, 젠틀하시고, 글쓰기, 창글, 봐주십니다, 결석, 지각, 정규과제는, 이어쓰기, 정규과제, 자잘한, 중간고사, 10분에, 피드백도, 박물관, 중간고사는"
2168591,"적어, 다만, 부담은, 중간에, 약간, 마지막, 제대로, 했는데, 도움이, 수학문제를, 어머니께, 잔소리를, 듣곤, 떠오르게, 말이냐고요, 수강해보시길, 인민재판함, 개웃기긴한데, 불쾌해지는, 새내기의"
2168592,"과제가, 많고, 있음, 과제, 깐깐하시고, 그래도, 글에, 과제들이, 자잘하게, 많을, 빡세게, 많긴, 많은, 매우, 하지만, 만큼, 미리미리, 에세이, 특히, 부담이"
2168595,"창융디, 교수님은, 그림, 팀플, 열심히, 걸려야, 정형모, 곳이, 조원평가, 같고, 하시려고, 자체가, 참여하고, 유쾌하시고, 배려, 직배, 과목, 팀원, 워낙, 그래도"
2168598,"조원, 수원, 수업인지, 동료평가, 만든, 어떻게든, 교수가, 과목, 발표, 하는, 다른, 모르겠습니다, 모르겠음, 중요한, 열심히, 받았습니다, 하는데, 배우는겅지, 교수부터가, 발표자세가"
2168672,"독학, 없어서, 어렵게, 기말, 시험은, 번으로, 아무도, 영어, 목소리, 시험이, 100, 발음, 그렇다고, 알아듣기, 편은, 주는, 국제어, 어렵습니다, 아닌, 않지만"
2168686,"에제, 회계, 안민관, 수월함, 출석은, 그래도, 매주, 하나, 공부했는데, 받기는, 과제, 문제, 평균보다, 어렵진, 하심, 과제가, 주심, 같아요, 에쁠, 처음"
2168689,"떠납니다, 너그럽게, 미화된, 애들이, 있겠지만, 공부량이, 아무것도, 교수님께, 어렵게, 매우, 어렵지만, 학점, 같아요, 없어요, 내가, 공부를, 성적을, 아니라, 없는교수, 사과를"
2168921,"틀어주는, 조교님한테, pa, 시프실, 수요일마다, 함수, 실강으로, 된다고, 미리, 나왔고, 주차, 만드는, 정도, 수업도, 3개, 실습, 알아듣기, 있었음, 매우, 어렵진"
2168927,"과제가, 많아, 계산으로, 강의력이, 분포가, 계산실수, 10개, 점수가, 인공지능, 갈립니다, 과제는, 예를, 깊게, 기말로, 시험이, 시험은, 굉장히, 복습, 주시는, 계산"
2169019,"1학점, 과목입니다, 과목을, kmooc, 퀴즈, 과목, 사이트에서, 여전히, 한국, 남으면, 수강했습니다, 강의에, 자신이, 하루, 만점, 들었는데, 수도, 무난하게, 했는데, 쪽지시험에"
2169020,"채우는데, 이만한, 꿀강, 힉잠, 분들이나, 바쁘신, pf로, 않았다면, 고학번, 없습니당, 2학점, 채우기, 무난히, 쉬워요, 분들, 추천드려요, 하지, 없습니다, 추천, 학점"
2169070,"부분만, 학점, 너그럽게, 수업에서, 영어고, 기초를, 평점이, 같아요, 좋은, 주시는, 부분에서, 하는, 없을, 모르겠어요, 오픈북, 높은, 배울, 성적을, 시험에, 하나도"
2249281,"많은, 못했던, 너무너무, 하지만, 내가, 자체는, 교양으로나온다면, 해가고, 버거웠다, 사마천, 읽었다면, 있었을까라는, 한자나, 지루했지만, 생각해보지, 싫었다, 사기를, 편에, 속함, 얘기하는거"
2249282,"매주, 교수님이, 일찍, 토론, 과제, 천사이심, 어렵지, 좋으시고, 내용이, 글쓰기, 누가, 않습니다, 귀여우세요, 크게, 하는지, 기말만, 수업도, 않고, 귀여우시고, 부담스럽지"
2249283,"주제나, 배울, 개인발표, 마찬가지로, 과제가, 개인과제, 친절하시고, 가지, 이해도, 발표, 있었던, 다소, 피드백도, 있어, 시간을, 피드백, 주셔서, 되고, 보고서나, 방식이지만"
2249286,"매주, 있고, 빡셌음, 기준, 본인, 과제가, 많음, double, spaced로, 8장이상, 작성하셔야되고요, 짱짱맨이십니다, 짱빠르심, 영쓰때, 생각이라면, 시작하지, 조사하고, 과제있어서, 것이아니라, 주차과제임"
2249288,"영어, 매주, 교안, 많고, 많은데, 엄청, 전공보다, 도망쳐, 영어로, 시험도, 않음, 과제, 성적, 시험, 양이, 과제가, 영어에, 있을, 빡셉니다, 받습니다"
2249292,"달달, 시험, 퀴즈2, 들었습니다, 학점, 피피티에, 단어, 모두, 계절로, 시험은, 강평, 점수, 평균보다, 코로나, 쉽고, 학점이, 그대로, 수백개, 문장에, 적용할줄아면"
2249295,"resume, cover, 이력서, 인터뷰, 영어로, 점수, 영어, 커버레터, 외국계, 빡빡해서, 토의하고, 면접, 깐깐해서, 취업, 지목해서, 채점이, 2분, 익숙하지, 듣기엔, 경험이"
2249296,"과기글은, 조별과제, 연구계획서, 조별과제에서, 하지, 조장은, 조장이, 계획서, 연구, 가장, 교수님의, 조별과제가, 참고로, 있는데, 꽉꽉, 않아, 받는, 교수님께, 마세요, 개인"
2249299,"일본어, 외고, 워크북, 일본어과, 매주, jlpt, 자신, 프린트, 있고, 다른, 과제, 외고생, 일본어에, 딴짓은, 워크북이랑, 있는, 유베라, 노베이스면, 질문도, 있어서"
2249305,"정수명, 학생들, 생명, 축제, 강의도, 사랑해요, 변별력, 좋습니다, 좋아서, 공부하기, 최고, 과제도, 좋으셔서, 해주십니다, 설명도, 중간, 주셔서, 최대한, 해주시고, 재밌게"
2249328,"인생에, 계절로, 시험은, 여름, 필수과제, 같아요, 대해, 과제는, 다시, 내용은, 달달, 필수과제가, 있어요, 평소과제, 아는거, 평소과제는, 있었으면, 나에, 만점, 서술형은"
2249329,"실생활에, 추천합니다, 법에, 민법에, 굉장히, 중기합, 한번쯤, 충분히, 있는, 같아요, 대해, 관한, 있고, 유익하고, 과목을, 족보를, 보니, 평균이, 평균보다, 겁니다"
2249333,"채우면, 70점만, 70점, 기한, 채우기, 점수, 확인하시고, 되는, 것도, 됩니다, 미리미리, 하시면, 자동으로, 엘씨분들과, 친하다면, 놀면됨, 혼자할, 직배일, 활동해서, 늦게제출했는데도"
2249337,"독후감, 수학을, 오픈북, 시험입니다, 조선, 교양, 좋은, 아직, 흥미있게, 들었습니다, 중간은, 수학, 강의를, 기말은, 채우기, 들을, 오프라인으로, 내용, 기말도, 책을"
2249342,"월요일, 창업한, 창업에, 누구나, 2학점, 이야기를, 아침, 부담없이, 좋고, 않은거라, 채우기도, 사람들한테도, 9시라는게, 갓벽한, 스타트업, ceo가, 구라안치고, 꿀강이자, 교훈과, 인생경험"
2249343,"매주, 않습니다, 토론이, 미화되기, 교육과정, 이슈, 없고, 과제, 조금, 별로, 되지만, 있지만, 토론, 부담, 성적도, 할만합니다, 미리, 주십니다, 굉장히, 귀찮긴"
2249344,"내용이, 통계라, 100인, 팀플없고, 편했지만, 강의식, 수학을, 과목이었어요, 과제, 추천드립니다, 통계, 중간, 중간고사를, 가능한, 기말을, 거예요, 걱정했는데, 내용, 무난한, 그런데"
2249361,"개념, 계산, 문제, 강의력은, 잼관, 재무관리, 쉽게, 강의력이, 따로, 친절하시고, 없는, 개념문제, 많지, 시험은, 거의, 위주로, 6번, 내주십니다, 듣는, 교안"
2249366,"편하게, 갓궁주현, 상법2, 투입이, 컨트롤, 상법, 온라인이라, 기말, 한방으로, 없고, 교안, 시험이, 들을, 수업과, 듣고, 편하고, 성적, 온라인으로, 있는, 평균"
2249381,"평가가, 시험에서, 개인, 열심히, 꼼꼼히, 평가하는, 아쉬웠습니다, 그래도, 무난, 팀플, 부담없고, 생각보다, 듣고, 온라인이라, 점이, 전반적으로, 팀플이, 공부할, 받았습니다, 자체는"
2249415,"기말, 매주, 번만, 풀이, 족보에서, 몰빵이라, 플립이라, 플립, 되는, 있음, 있어서, 문제, 조별로, 조금, 과제가, 괜찮은, 공부를, 그대로, 있지만, 영어강의지만"
2249416,"강의력이, 강의력, 출석, 집어주신, 필기도, 나가서, 보시고, 좋습니다, 한번도, goat, 대학, 족보를, 매우, 다만, 열정적으로, 질문도, 말이, 그저, 설명도, 교재"
2249427,"적당히, 학점은, 암기, 가능, 배우고, 비쁠, 평균이, 조금, 있다면, 공부할, 양이, 다들, 전까의, 내연기관, 차량, ladar, ridar, 차량용, 다뤘는데, 기계공학부학생으로서"
2249430,"피셋, 피셋도, 텀프가, 뭐라도, 피셋이, 줄었고, 텀프는, 텀프도, 두번으로, 시간을, 힘들었습니다, 후하게, 주려고, 텀프, 시험, 피셋을, 같아요, 비중이, 들이면, 어렵습니다"
2249434,"텀프, 유익하고, 기출, 열정이, 공정, 팀플이, 필자는, 강의력도, 할만, 과목, 재밌었습니다, 비슷하게, 난이도, 질문을, 매번, 나옵니다, 이해되는데, 조정된거라고는, 본것같은데, 기말한번만"
2249439,"시험, 주겠다고, 전날, 구글링하면서, 랩실, 성적은, 알려주셔서, 사람, 어떤, 시험은, 흐름대로, 문제, 부름, 들었는데, 기억합니다, 출석은, 평균, 의식의, 공부하면, 성적"
2249459,"서평, 읽고, 써서, 책은, 책을, 서평을, 페미니즘, 호불호가, 서평으로, 내용을, 들어도, 내용이, 쓰면, 책이, 사실, 수업은, 강의력은, 책입니다, 서평에서, 어떨"
2249482,"학생들, 논문, 오픈북, 부담없었습니다, 학생들을, 배려해주세요, 전공과목, 편했던, 대체, 과제도, 부담, 예시를, 봐주십니다, 좋았습니다, 쉽게, 강의만, 편의, 요약, 과제, 오픈북이라"
2249518,"영어가, 과제가, 중간과제가, 교안이, 공모전, 기말, 전범위라, 과제, 미디어, 연구, 중간, 빡세요, 교수님도, 되어, 있고, 좋습니다, 기말시험, 전체, 괜찮아요, 다양한"
2249519,"pr에, 좋으세요, 과제, pr, 생겼어요, 마케팅, 하나만, 사례, 강의력, 시험, 시험도, 재밌어요, 다만, 관심, 대해서, 관심이, 매번, 많아요, 강의가, 좋고"
2249532,"오픈북이라, 요약과제, 시험은, 시험도, 과제는, 건지, 않고, 어렵지, 문제, 시험, 온라인으로, 아닌, 모르겠음, 하시면, 배운, 좋은, 문제는, 않아서, 편하게, 부담"
2249549,"말이, 영어로, 빠르신데, 질문, 한국어로도, 복습하는, 빨라서, 위주로, 섞어서, 같아요, 설명해, 주셨습니다, 내용이, 양도, 교수님이, 시험도, 매우, 조금, 한국어로, 어렵고"
2249694,"시험은, 실수, 어렵지는, 미트라, 않지만, 문제, 쉽고, 풀어주셔서, 타격이, 다들, 풀이, 난이도도, 있는데, 발표, 모르겠다, 수업을, 시험, 주는, 쉽습니다, 중간중간"
2249696,"티오로, 비반제, 족보, 갓정택, 열정적이십니다, 반도체, 강의력은, 구하세요, 족보는, 엄청, 교안이, 하십니다, 학점, 이해, 있으면, 주시고, 아니라, 시험은, 다들, 채워주십니다만"
2249715,"편하게, 팀플로, 있었어요, 하십니다, 중간고사는, 홈테이크라서, 출제는, 퀴즈2번이있습니다, 수업하실때, 시도하시는, 분이신거같아서, 외국학생만, 망할줄, 에이쁠주셨다뇨, 실강이지만, 일교시임에, 든적이, 불규칙적으로, 천장, 라도"
2249726,"좋으신분인데, 조별발표에, 고통받을, 얻어갈게, 많았던, 일단, 있어요, 많고, 교수님은, 그래도, 과제"
2249741,"명륜당, 1학점, 채우기, 사진, 탐방, 매주, 답을, 두번, 성균관, 퀴즈가, 응시, 보고서, 보고서로, 좋음, 틀려도, 끝입니다, 패스, 미리, 들으세요, 퀴즈"
2249799,"퀴즈를, 드라이브로, 매주, 때도, 열심히, 구글, 관심을, 재밌게, 중간, 흥미로운, 굉장히, 내용이, 있었던, 없고, 퀴즈가, 전공, 공부할, 했지만, 약간, 기말"
2249828,"법학, 판례를, 변시, 따라, 과목을, 많은, 판례, 경제학과, 사례형, 어렵다는, 수업이, 답안을, 내용, 수업을, 다른, 않습니다, 가장, 벅차게, 경제법, 수강하신다면"
226224,"문제은행, 온라인이라, 만나면, 팀플, 팀플도, 매주, 편하긴, 교안, 족보, 에타, 쉬워요, 족보가, 족보랑, 없으면, 하지만, 해요, 과제가, 팀플이, 강의입니다, 같아요"
226411,"흥미로운, 진정으로, 경제학과, 계량, 설명해주시는데, 아니라, 들으면, 학생들, 변별력이, 시험, 어렵지는, 들어도, 시험을, 수업이었습니다, 들은, 시간이, 열심히, 배우는, 4학년으로서, 꼽는"
226441,"이해는, 어려운, 실습, 모르겠네요, 퀴즈는, 어렵습니다, 문제는, 노력만으로, 딸수, 영역이, 쌓이면서, 관건인것, 진입하세요, 실습시험, 시계열, 시험방식이, 실기1, 실기2, 필기1, 1대1대2"
226710,"중간은, 족보를, 타며, 강의력, 영어로, 최고십니다, 같아요, 족보, 기말은, 정도, 강의력이, 시험은, 좋으시고, 엄청, 들으시면, 족보랑, 설명, 이해하기, 좋은, 제일"
227156,"한자, 한자를, 하지만, 복습, 제발, 3급, 모르는, 들어야, 사학과라면, 기말, 아예, 모르면, 레포트로, 시험, 그래도, 나옴, 미리, 하나, 따라가기, 범위"
227174,"에세이, 쓰면, 중간, 기말, 개요, 코로나, 과제, 코로나학기한정, 꿀강의였습니다, 독특한, 학생들, 확실히, 피드백, 감도, 문학을, 받는게, 어떻게, 배려해주시는, 일절, 교수님한테"
227339,"spss, spss를, 학점은, 학점, 생각으로, 무리, 주십니다, 걱정했는데, 달달, 보통, 교수님께서, 두번, 외우면, 들었던, 피피티, 해요, 문제도, 점수는, 그만큼, 사실"
227826,"안알려줌, 가운데, sungho, 보이지도, kim, 성적은, 시험, 강의는, 앉아서, 수업시간에, 유튜브, 눈에, 대한, 독학, 안에, 질문을, 하시는데, 성적, 문제도, 개념"
2315208,"한데, 교수님이, 있긴, 1교시인, 나누는, 기말고사도, 성논, 지엽적으로, 부담없고, 10분, 이야기, 편의, 수업이라고, 늦게, 무난한, 있는, 학생, 대신, 무난하게, 수업에"
2315240,"클래식, 바순, 중간에, 초청해서, 공연, 음악, 듣기, 연주자님, 음악을, 덕분에, 힐링과목, 교양, 좋은, 있었습니다, 음악에, 지엽적이지, 시험, 좋습니다, 웬만하면, 외울"
2315243,"팀플, 팀플로, 교수님도, 팀원, 팀플로만, 힘들, 이루어진, 없고, 팀원을, 시작해서, 팀플에, 수업입니다, 잘못, 친절하세요, 만나면, 적고, 수업인데, 꿀강입니다, 하지만, 있는"
2315267,"소통도, 깔끔하고, 교안도, 교수님이, 나이스, 실강, 깔끔, 교안, 팀플, 모두, 참여, 팀플도, 공부하기, 팀플이, 나쁘지, 좋은, 좋았어요, 기말, 드리기가, 4점드림"
2315286,"직전에, 통계학원론, 통계학과, 문제, 이해하기, 거랑, 시험, 강의력과, 증명, 들었으면, 쉽게, 있음, 올려주시는, 예제, 국제어, 영상, 양이, 통원, 기말문제는안착했음, 풀어주는문제랑"
2315294,"강의시간, 재수강, 열역학을, 자료도, 2학기, 시간은, 발음이, 내용, 과제, 않은데, 교안도, 굳이, 매우, 하지만, 있어, 좋았음, 개념, 느낌, 이해가, 좋음"
2315315,"인터뷰, 인터뷰가, 인터뷰로, 빨리, 끝내주셔서, 출결이, 끝납니다, 영어, 출석, 수업이, 과제도, 일찍, 있긴, 오프라인, 학생들이, 것이, 인공지능이라는, 분야랄, 흝는, 세션이라는"
2315360,"내용은, 열심히, 교수님이, 반복해서, 내용을, 신택스, 트리, 교수님과, 자주, 하는, 본인만, 오피스, 많은, 챙겨주십니다, 면담을, 모습을, 들으면, 수업입니다, 들을, 듣고"
2315487,"거의없이, 스타일따라, 사바사겠지만, 썰풀기와, 농담따먹기가, 차지해도, 고를, 교수랑, 별로였네요, 보람찬, 아깝지, 할일, 기대하지, 팀발표, 재밌으세요, 진행된, 강의예요, 지극히, 않으신, 이상을"
2315489,"시험은, tcp, 수고, 강의들, 강의가, 이해가, 강의력, 계산, 과제, 감사합니다, 무난한, 보고서, 학점이, 같다, 강의도, 학점느님이십니다, 과제1번의, 염센세의, 망설이는가, 동네형이"
2315498,"ps, 백준, 시험은, 풀줄, 4문제, 완벽하게, 알면, 열심히, 좋지만, 중에서, 어려울, 어려워요, 과제가, 좋은, 제일, 무난하게, 부담이, 출튀하지마세요, 연습해갑니다, 수업영상도"
2315600,"전자기학을, 넘길, 독학해도, 시험, 그래서, 확실하게, 어떻게든, 이번에는, 솔직히, 문제, 어렵진, 높은, 그저, 배울, 공부하면, 위주로, 전에, 예전처럼, 이상임에도, 드문것"
2315604,"3번, 시험에, 예습, 호불호가, 시험, 회로이론1, 들어야, 수업시간엔, 수업을, 다른, 회로, 사전, 증명, 생각보다, 있음, 수업도, 보고, 수업때, 집중해서, 보통"
2315614,"매주, 과제가, 피그마, 코세라, 피그마로, 과제하기, 툴을, 과제, 제출한, 출튀하는, 나름, 유튜브, 학기, 주세요, 과제만, 없지만, 있었는데, 아니고, 그만큼, 있는"
2315615,"팀플도, 심리학과, 다들, 팀플, 실험, 과제도, 개인, 조별, 전공, 시험을, 주시고, 갓다은, 1페이지라서, 아기들도, 가꿈씩, 참여해줘서, 지나감, 장이고, 과투입, 11월"
2315717,"타임어택이, 시험, 국제어, 경통, 과제도, 과제는, 교수님이, 타임어택, 공부, 친절하시고, 공부도, 기말은, 몇번, 좋으시고, 편의, 알려주시고, 점수도, 시험도, 친절하게, 중간고사는"
2315724,"엑셀, 무자비단, 시험, 구해서, 시트만, 줄일, 평균이, 있어서, 파일을, 직접, 어떻게, 편하긴, 대비, 3학점, 한데, 낮아서, 족보, 올려주시고, 기출, 점수"
2315768,"있게, 유능한, 오신지, 안되셔서, 써먹을수, 성적공시날, 계열로, 정하셨다면, 미니탭으로, 불안했는데, 잘한듯, 별하나, 막히게, 출제하시니, 배워가는거, 읽어보시고, 강의력, 올라와서, 이쪽, 기가"
233094,"최고최고, 배울게, 온라인, 학생들, 교수님이, 꿀강입니다, 그저, 좋으세요, 별로, 부담, 할거없고, 작성된거라, pbl수업, 방식이라고, 5주차는, 종강함, 발표하나가, 하면되서, 개인발표로했는데, 발표1번"
236570,"시험, 강의력은, 다소, 전면, 학점은, 보는데, 거의, 수업중에, 나름, 듣는게, 내용, 3번, 그런지, 않은, 열심히, 이번, 나옵니다, 3차가, 확보해놔야함, 포기하지않고"
2376746,"이메일, 발표, 이력서, case, 중국인이, 비즈니스, 중국인들이, 깐깐하지만, study, 영어로, 하시는, 리포트, 점수로, 영어, 다행히, 과목, 글로벌, 하라는, 때문에, 식으로"
2376748,"빡세지만, 좋음, 전전주차, 전주차에, 잘못만나게, 간절한, 회의해야해요, 선택하는게, 쫄린다, 영어수업, 성적컷이, 칠해진, 가능이다, 개꿀이라고, 과영버리고, 절못만나서, 개고생함, 팀원뽑기싸움, 선택하십시오, 조원만나는게"
2376749,"스피치, 강의력은, 엄청, 사실이지만, 그래도, 교수님이, 인자하시고, 강의력이, 좋습니다, 피드백을, 발표, 아침, 교수님은, 말을, 점이, 것은, 번이었는데, 같아요웅, 또박또박, 인싸는"
2376750,"기논, 자잘한, 학점은, 노력하시는게, 재수강으로, 기한을, 나름, 지식을, 새로운, 과제, 수업이라, 들었습니다, 학점만큼은, 휘뚜루마뚜루해서, 짜리는, 상상해서, 캘린더에, 적어놓는, 개인활동, 내라는"
2376751,"과목, 하는, 교수님은, 팀원, 좋으시고, 젊으셔서, 운이, 자체가, 그래도, 할거, 모르겠는, 중요합니다, 받고, 어차피, 학점, 평가, 팀플이, 적당히, 느낌, 좋은"
2376757,"들으시길, 사회학에, 분들이, 교수님이, 세상을, 열심히, 관심이, 1학년, 정말정말, 아캠에, 강의력이, 따라가기, 하는, 바랍니다, 시험, 어렵습니다, 성적, 높은, 그만큼, 있는"
2376768,"퀴즈도, 성적에, 열심히, 퀴즈, 정도, 물리, 시험은, 반영, 퀴즈를, 출석, 있었음, 퀴즈는, 물리에, 숙제로, 개념, 과제, 같음, 수업에, 시험, 나와서"
2376774,"확통, 다음학기부턴, 다음학기부터는, 면담도, 시험, 교수님이, 굉장히, 풀어서, 좋았다, 이걸, 착하시고, 매우, 과제도, 연습문제, 난이도는, 같아요, 해주시고, 있을, 확통수업, 빡샐거같네요"
2376777,"발표는, 자유지만, 관습적, 권위적으로, 강요되는, 받으시던데, 답해주려고, 던지시며, 무시하는, 답변에서, 단서를, 포착하려고, 포착하는, 직관력이, 덜함, 30분은, 똑똑하십니다, 릴레이, 개인으로, 뛰어나지"
2376781,"뉴스, 거의, 1면을, 찍어야, 달라서, 친절하시고, 해주시는, 그치만, 관심, 성적, 매주, 그런지, 중간에, 주시고, 기말, 수업에, 시험은, 떴습니당, 암기식이지만, 녹아있어요"
2376785,"오픈북, 강의가, 경제의, 1교시라, 타임어택이라, 부담, 충분히, 공부, 좋은, 내용도, 1교시, 시험은, 빼고는, 재밌고, 열심히, 중간은, 듣기, 수업인게, 내용이었던, 북이었는데"
2376786,"기말, 없고, 아무것도, 기말레포트, 하나면, 아무렇게나, 적었는데, 레포트만, 들었는데, 쓰면, 레포트, 마지막, 작성하면, 하나만, 내용도, 결석, 에이, 안들어도, 빼면, 시험"
2376791,"내면, 과목, 학점, 온라인, 과제, 분량이, 없지만, 3번, 오프라인, 필요없고, 중간, 기말, 받기는, 3개, 있는데, 안듣고, 올려주셔서, 교안만, 출석도, 과제만"
2376792,"박람회, 꿀강입니다, 다녀오면, 전시회, 하나만, 제출하면, 들으면, 됩니다, 영상만, 할것도, 강의도, 레포트, 한번, 좋습니다, 대체과제, 없고, 보고서, 돼요, 주셔서, 되고"
2376793,"쪽에, 1학점, 로스쿨, 에세이, 분인, 실시간으로, 부담없는, 됩니다, 관심, 부담없이, 되고, 부담, 추천, 조금조금, 딱딱하다고, 50분밖에, 법학관까지, 단점인듯, 서평발표, 개꿀강이"
2376806,"조별과제가, 매주, 잘하셔서, 조금, 무난하게, 한페이지, 같아요, 영어도, 조별과제, 과제가, 잘하시고, 어렵지, 간단한, 않습니다, 영어, 팀플, 친절하시고, 좋았습니다, 있어서, 주시는"
2376817,"아이코어, 팀플, 스마트하시고, 문제은행에서, 발표, 출제되는, 문제는, 조금, 강의력도, 젠틀하시고, 없었음, 참여, 준비, 수가, 깔끔하고, 쁠은, 다만, 하지만, 전체적으로, 아예"
2376819,"할게, 팀플, 리플렉션, 좋으시고, 많은, 마지막, 아침, 조별로, 봐서, 교수님이, 많지만, 많음, 쓰면, 열심히, 있지만, 감사했습니다1, 고려해주시고, 수용하심, 커버됨, 아니었습니당"
2376832,"핑계로, 예제, 수업도, 안외워도, 식을, 문제, 문제를, 유도, 풀기, 분명, 공부해야, 시험이, 이상한, 하고, 알아서, 계산, 수업은, 시험, 살짝, 어렵고"
2376841,"공기수, 할게, 많아서, 웹워크, 과제가, 피아자, 푸는, 많고, 플립이라, 있는데, 힘들었습니다, 10개, 칠판에, 평균, 설명하시고, 이런, 중기말, 괜히, 매주, 비추합니다"
2376848,"과제는, 비슷한, 과제, fol, 들어서는, 수업이, 낮은거, cs, 구글링을, 32, 26, 많은, 학생들이, 문제를, 별로임, 수기로, 평점, 것보다, 생각보다, 100"
2376851,"피셋, 텀프를, 피셋은, 그래도, 없습니다, 가장, 2점이고, 10점을, 하시는데, 어렵습니다, 유체, 죄가, 치팅, 만점이, 교수님은, 페이퍼, 성적이, 가끔, 어려워, 당일에"
2376852,"레포트, 실험, 실험은, 조교님들, 조교님들도, 조교님, 친절하세요, 과목은, 그나마, 쓰고, 점수가, 중요한, 열심히, 결과레포트, 바뀌겠지만, 싸매가면서, 하셔야만, 어쩔수가, 조교빨임, 2회인게"
2376855,"에너지, 양이, 처음, 감이, 나노, 태양전지, 연료전지, project, 많고, 어느, 부분은, 소재에, ppt, 열심히, 내용이, 관심이, term, 조절, 과목도, 방대하고"
2376863,"많아서, 온라인으로, 일정, 필기도, 양이, 인품이, 학점도, 친절하셔서, 알려주십니다, 많다, 교수님이, 매우, 하지만, 질문도, 그저, 들어도, 학생, 제일, 아주, 열심히"
2376911,"집중하기, 교안, 산만해서, 수업이, 연습문제, 설명력이, 혼자, 수업에, 정리가, 그래도, 열정적이십니다, 말할, 보면, 공부해도, 어려웠습니다, 수업을, 스스로, 말을, 교수님이, 푸는"
2376930,"토론, 아침, 매주, 기말은, 에제까지는, 같아요, 발표, 중간고사는, 영향, 에제는, 기말고사, 중간, 월요일, 힘들지, 시간은, 답변, 시간, 열심히, 받는, 쁠은"
2376941,"부담, 미디어톡은, 미디어톡, 헷갈립니다, 재밌어요, 고르시오, 미컴, 시험, 좋은, 모두, 유쾌하시고, 많아서, 수업도, 지엽적인, 재밌었어요, 힘듭니다, 않았어요, 범위가, 뭔가, 전공"
2376942,"에세이, 5000단어, 5000자, 개인, 2000자, 영국, 강평, 있는, 아래, 최악, 같은, 과제, 팀플, 영국식, 2000단어, 싶은, 그룹, 미컴, 전범위, 시험"
2376944,"서미혜, 토의, 토론, 프로젝트, 하지만, 공부많이할것도없고, 참여하면돼서, 맘에들었어요, 거이, 출석체크용이고, 디폴트가, 결정난다, 한개씩은, 출석용, 두기, 혁신수업에, 수업구조, 수어업, 듣지만, 잼있고"
2376952,"점수기준표, 후하셨어요, 자랑하는, 감안하시면, 소감이나, 소과제, 익숙해지면, 초등학교, 흥미롭지만, 두번의, 이래저래, 신경쓸, 세번의, 만족하는, 배울수, 시험까지, 편이니, 선생님, 챙겨주십니다, 오신"
2376972,"김한경, 조재열, 많고, 양이, 미리, 융생, 기말부터는, 공부하기가, 중요한, 강의력은, 내용도, 외울게, 강의력이, 수업도, 양도, 깔끔하고, 집중해서, 교수님은, 어려워요, 매우"
2376999,"c언어, 기초부터, 매주, c언어에, c언어의, 자리에, 앉은, 간단하고, 있어요, 수업입니다, 좋습니다, 부담스럽지, 강의력, 빡세게, 다만, 있는, 배울, 처음, 이해가, 있지만"
2377000,"학점을, 미리, 없지만, 파이썬을, 후하게, 나갈, 끝내고, 집에, 파이썬, 솔직히, 공부해야, 있어서, 실습, 먼저, 수업은, 족보를, 빨리, 매주, 학점이, 같아요"
2377015,"온라인, 온라인으로, 시험이, 파이썬, 교안, 편합니다, 교안도, 다만, 좋으셔서, 성적, 겁니다, 살짝, 모르겠지만, 오프라인, 주시고, 어떻게, 따로, 양이, 별로, 없습니다"
2377016,"프로그래밍, ocaml, 과제는, 교수님이, 과제, 자바를, 함수형, 교안에, 구현하기, 언어를, 과제1, 시간만, 과제가, 착하십니다, 이해하고, 했어요, 질문을, 들어야, 때는, 모르겠지만"
2377022,"팀플, 구현, 구현도, 팀플은, 팀원만, 중간고사는, 외워야, 없어서, 외울게, 시험은, 과제, 할게, 스트레스, 그래도, 팀플이, 해도, 되고, 모든, 부담이, 안해도돼서"
2377029,"족보, 족보를, 화를, 학점은, 구하면, 텀프도, 수업에, 학점, 교수님이, 이유로, 매주, 텀프, 구하세요, 족보만, 교수님은, 마지막에, 하지만, 있었는데, 수업이라, 있는"
2377031,"인공지능, 프로젝트가, 팀플, 중간고사, 프로젝트, 팀플은, 고인물이, 팀에, 팀플이, 프로젝트에, 실습은, 친구들이랑, 매주, 배우는게, 실습, 하는, 많다, 없으면, 수업에서, 처음"
2377082,"논어, 해주시고, 사실, 시험은, 유동학부라면, 김동민, 들어보는걸, 구절과, 인간관계, 고민거리에, 힐링과목이었다, 맹자수업에, 조는걸, 잔잔하고, 스토리형식입니다, 수업일때와, 절반이상이, 다른얘기였는데, 잘안됐습니다, 3시간연강기준"
2377116,"교수님께서, 물리화학, 반도체, 내용, 자주, 살짝, 물론, 들었습니다, 좋을, 자체가, 나옵니다, 있지만, 열정넘치셔서, 강사님, 오신것도, 흥미롭긴한데, 날카로우실, 감성과, 멋쁨을, 겸비하신"
2377118,"쉬운건, 좋아하는데, 지나치게, 될지, 증명이, 너그러우십니다, 변별이, 쉬워서, 쉽습니다, 모르겠습니다, 공부할, 없어요, 시험에, 어떻게, 재밌게, 나와서, 강의력도, 있어요, 시험이, 쉽게"
2377122,"김철호, 정수명, 교수님은, 좋아요, 그래도, 문제은행, 기초가, 듣기, 말씀이, 공부한만큼, 빠르고, 편했습니다, 올려주셔서, 힘들었습니다, 많지만, 전공, 이해하기, 열심히, 도움이, 정수명교수님"
2377138,"비중이, 학생들, 교수님이, 편의, 이름, 학생평가가, 일찍, 발표를, 얼굴, 마음을, 후반, 강의력은, 좋은, 생각보다, 스피치, 때문에, 하는, 채점, 교수님께, 좋으심"
2377156,"조원, 팀원, 제페토, 평가, 배우는, 않았는데, 조교님들이, 우리, 솔직히, 열심히, 없는, 수업을, 하지, 없고, 보는, 에쁠, 하시면, 내가, 특히, 같은"
2377166,"글쓰기, 글을, 하기, 주고, 수업이라고, 수업시간에, 당일제출이라, 좋은, 하고, 읽어주시는데, 얻고, 쓰신, 처리, 문장을, 쓰는, 과제하고, 지루하지만, 창의적, 하나라도, 글쓰기는"
2377174,"글쓰기, 교수님이, 과제가, 언매, 추천합니다, 교수님께서, 좋아하는, 거리도, 있는, 글을, 좋은, 있어서, 학생들을, 글쓰기의, 쪽지시험, 한명한명, 부담이, 느껴졌습니다, 글쓰기에, 글쓰기를"
2377176,"글쓰기, 창글, 글쓰기의, 언매, 피드백도, 중간고사, 해주시고, 고쳐서, 수업마다, 성찰적, 좋은, 개요, 당일, 과제, 선택, 끝낼, 됩니다, 기회가, 도움이, 오래"
2377181,"양이, 많아요, 민법을, 로준생, 채워준다고, 글리, 많고, 넘길, 로스쿨, 많은, 시험, 빈칸, 교안, 지엽적으로, 끝까지, 2개, 공부하기, 교수님이, 매우, 많은데"
2377192,"실무적인, 기자, 것들을, 1교시라는, 언론, 실무, 경력이, 나오고, 뉴스, 얻어가는, 금요일, 배울, 경험을, 기사, 교수님이, 분이라, 단점은, 많고, 것도, 듣고"
2377193,"마케팅, 팀플, 유학생분들과, 오픈마인드셔서, 재밌었어용, 마케터를, 희망하시는분들은, 케바케겠지만, 배울수있기, 적극추천합니다, 슬로건, 전공새내기때, pr과, 인터랙티브, 캠페인에, 선정해, 캠페인을, 기획해, 기말과제입니다, 강의는"
2377209,"사전강의, 없는, 놀고, 과목, 창융디가, 교수님은, 배우는, 별로, 소통이, 수업시간, 점수, 때도, 많아, 하지만, 생각이, 제일, 좋으신, 좋을, 자체가, 2회진행"
2377238,"학생들, 내내, 경영학과, 코딩보다는, 학기, 팀플만, 봐주십니다, 편의, 교수님이, 최고의, 부담, 중감, 비즈니스애널리틱스, 최종발표하면, 자료제출, 회의해서, 미팅, 제출해야돼요, 주라, 만나는지에"
2377240,"줄리, 유익한, 고마워요, 덕분에, 재밌었습니다, 한학기동안, 사람들, 많지만, 있었습니다, 알게되용, 친절하시, 혁신적이고, 싶다먼, 알겠다, 다이얼, 써클에, 지레, 도망가려했으나, 해보자, 라며"
241834,"무난한, 전체적, 문제를, 예상, 그래도, 설명해주시는, 매우매우, 여기서, 좋지만, 내용이, 배워가는, 채점, 답을, 교수님이, 매우, 전반적으로, 수업에서, 같아요, 약간, 중요한"
241836,"꿈에도, 갑자기, 없다, 번역, 수업은, 학생들이, 그는, 시스템, 50분, 1점도, 앞자리, 비율을, 같은, 기말고사, 40, 듣지마세요, 학생이, 최악의, 아니다, 수업도"
2454546,"논어, 약술형, 해주세요, 교슈님, 들어야, 개꿀입니다, 성논, 친절하시고, 퀴즈, 기말, 들었고, 부분만, 시험, 교수님께서, 한학기, 성적, 내내, 좋으세요, 이런, 중간은"
2454551,"예술에, 예술, 대해, 에이쁠, 과제, 예술학, 수선관이, 딱히, 쓰면, 철학을, 기인사, 철학, 저처럼, 철학에, 1교시, 있는데, 재밌었습니다, 과목은, 많은, 무엇보다"
2454561,"알쓸신잡, 다큐멘터리, 3시간, 이름, 문화인류학에, ufo에, 돌리면서, 일찍, 다큐, 어떤, 내용, 영상, 반은, 배울, 항상, 종이, 느낌의, 출석, 출결도, 기말은"
2454566,"동양의, 열정, 열정이, 교수님이, 굉장히, 질문, 에세이, 쓰는, 수업에, 세문제로, 많이쓸, 잘들음돼요, 텍스트나, 정획히, 마쳐주신다, 가득하게, 삶에서, 배울점, 파악하려면, 교양수업이지만"
2454646,"실험은, 조교님들이, 레포트, 실험, 예레, 조바조, 조교님들은, 보고서는, 다들, 친절하셔서, 분반, 시험, 좋았어요, 근데들어야되니까해야죠, 안봤고요, 족보구하고, 많아가지구, 8할, 먹고들어갑니다, 결정한다고는"
2454893,"주시는, 조금, 자세하고, 포함, 퀴즈로, 진행되고, 학점도, 시험은, 가면, 성적에, 많은, 과제도, 있게, 오프라인, 처음, 따로, 없습니다, 이번년도부터, 진짜꼭들으세요, 진짜평생존경합니다교수님"
2454906,"안하실수도, 앞으로, 자잘한, 착하시고, 많음, 좋음, 과제가"
2454912,"퀴즈, 나오니, 선수강했으면, 매주, 봅니다, 풀만함, 어려워요, 시험은, 잼관, 영어로, 기간이, 국제어라, 솔직히, 알면, 열심히, 퀴즈를, 주로, 알아듣기, 교수님은, 시험"
2454916,"인도식, 시험, 알려주셔서, 발음이, 인도, 처음엔, 그대로, 발음, 카훗, 알아듣기, a4용지, 바뀌는, 빼놓지, 점수, 알려주세요, 외우는거, 했지만, 같다, 누가누가, 문제를"
2454953,"케이, 나에, 수업입니다, 통해, 있는, 잘알아가고, 깨달음도, 감동이에요, 위로받고, 앙트레, 보석, 돌아간다, 탐색하는, 부담감없이, 대해, 들으면, 1교시는, 힐링하고, 할거에요, 크게"
2454955,"진도가, practice, 최아름, test만, 교수님이, 연습문제, 퀴즈가, 회계원리, 친절하게, 만점, 걱정했지만, 내기만, 외에는, 절대평가라, 매주, 알차고, 열심히, 좋아요, 편했습니다, 지피티"
2454968,"자체가, 좋으시고, 강의력, 전자회로, 회로이론, 회로, 나오는, 교안, 받을, 먼저, 쉬움, 내용, 교안도, 다른, 좋으셔서, 해주십니다, 과제가, 약간, 이해하기, 꼼꼼히"
2455006,"같아요, 느낌입니다, 내용도, 적지만, 꼼꼼히, 적어요, 내용은, 많지는, 교안, 중요하다고, 내용, 엄청, 객관식, 피피티, 서술형, 어렵진, 성적, 않은, 중간은, 이번"
2455050,"과목, 팀플, 조별활동, 성적, 창융디, 열심히, 모르겠는, 조원, 하세요, 평가, 같은, 없이, 조장역할, 하지마라, 이끌어도, 깎아먹는, 좋아하시네요, 창융디의, 제페토같은거, 의도는"
2576226,"에세이, 영어, 독후감, 매주, 읽고, 발표, 영어를, 짧은, 과제, 발표도, 스토리, 중간, 살아온, 많은건, 소설, 귀찮아요, 5분, 20분, 귀찮은, 정해진"
2576228,"스피치, 스피치를, 학생들, 해주셔서, 토론, 설득, 상세히, 스피치와, 스토, 자기소개, 많은, 도움이, 다른, 준비, 피드백을, 특성상, 편의를, 점이, 피드백도, 스토는"
2576243,"강의력, 기말, 중간없고, 예제도, 공부를, 좋고, 않습니다, 출석에, 엄청난, 기말만, 가르쳐주십니다, 좋습니다, 반영, 올려주셔서, 기말이, 난이도는, 이해, 중간, 무난하게, 좋았어요"
2576247,"출튀, 웹워크, 발음, 족보, 증명, 편함, 없고, 시험은, 좋으십니다, 싸인하는게, 될진, 씩만, 해줌, 오프수업때, 후루룩뚝딱, 전자출결만, 출튀쉬움, 깔짝하면됨, 강의은, 망했을뿐"
2576257,"예술의, 소논문, 교수님이, 이후엔, 부담없이, 발표, 관심이, 예술, 있는, 발표로, 분야에, 교수님께서도, 중간고사, 수업이, 좋습니다, 좋으시고, 과제, 하는, 되는데, 전체적으로"
2576261,"1교시, 발표, 부담도, 없고, 두번인데, ai, 그것도, 발전하고, 어디까지, 꿀교양, 수선관, 완벽합니다, 2번만, 유익해요, 인공지능, 흥미로워서, 준비하는, 끝입니다, 힘들지, 짧은"
2576275,"회계, 시험, 검토도, 회계에, 날잡고, 교양, 기초에, 교재를, 없어서, 빡세게, 여러, 혼자, 영상, 교재, 공부하면, 하는데, 같은, 추천, 안주는게, 불편하고"
2576277,"3번이상이면, 최대학점b, 황우석, 박사, 얘기만, 착하셔요, 드림, 졸려서, 불가능, 후반에는, 직접호명, 3점, 초반에는, 결석, 지피티, 대체과제, 하심, 하십니다, 출튀, 같고"
2576278,"학생들, 시간대가, 출석으로, 많았고, 듣다보면, 없고, 생각을, 부담없이, 부담은, 했지만, 얻어가는, 성적이, 추천드립니다, 기말, 전혀, 부담, 30분이, 안되는것같아요, 진심이라, 힐링과목입니다"
2576279,"gpt, 지피티, 가능이라, 사용, 시험도, 학점, 시험이랑, 되기, 3학점, 남으면, 어렵지도, 써도, 무조건, 퀴즈, 때문에, goat, 개꿀, 교수님이, 오픈북, 꿀강"
2576289,"1학점, pass, 하라는거, 채울, 공짜로, 어깨동무, 70점만, 70점, 채우면, 몰아서, 친절하세요, 하라는, 점수, 미리미리, 영상, 적당히, pass받고, p입니다, 채웁시다, 면담지"
2576306,"4번이라, powerful한, 교수님과, 퀴즈가, 4번인데, 시험, 코드를, 번으로, 조교님들, 퀴즈를, 설명도, 직접, 바닥, 기었는데, 비플주셨어요, 재수강이였는데, 열정적임, 회복할, 편하기, 젛은거"
2576323,"교수님이, 깔끔하고, 학생들, 보고서, 성적도, 봐주십니다, 들을, 이유가, 편의를, 아닌, 적당히, 없어요, 주시고, 아니라, 부담, 추천, 유악하고, 수능형식으로, 질로, 관대함과"
2576375,"과제도, 공기수는, 2학기때는, 공기수, 전자출결이라, 적당히, 안하셔서, 평점, 편하게, 분이라, 성격이, 지루하지, 강의력은, 해주시는데, 수준으로, 학생들, 좋으시고, 강의력, 진도, 최고"
2576402,"조교님들, 친절하고, 2023, 좋았습니다, 실험, 시험은, 족보보다, 쉽게나왔어요, 23년, 잘알려주셨음, 비율만큼, 화공실, 조원도, 1기준으로, 좋았슺니다, 크므로, 운인데, 운을, 빌어야, 드려도"
2576407,"어렵게, 시험이, 평균은, 소재에, 높습니다, 뜬금없이, 있다, 그래프, 충분히, 내용도, 외울게, 전반적인, 대한, 좋으시고, 깔끔하게, 부분을, 좋으신데, 본인, 과제는, 공부할"
2576494,"퀴즈는, 공주님, 오픈북처럼, 시험, 교수님이, 좋아요, 플립러닝이라, 절평, 사서, 쉽게, 됩니다, 거의, 편의를, 기준이, 쉬운, 중간, 기말, 나와서, 전에, 부담"
2576496,"사학과, 미디어, 중국, 어렵지, 교안을, 들을, 교수님께서, 과제도, 다만, 느낌, 교수님이, 사담이, 편하게, 배우는, 부담, 지엽적으로, 나오니, 수업을, 없었고, 시험도"
2576565,"강의력이, 문제풀이, 어려워해서, 과목, 내용이, 어렵고, 시험도, 자체가, 양이, 않습니다, 이후에, 힘들었는데, 연습, 족보는, 열심히, 많고, 별개로, 좋으시고, 따라, 문제"
2576573,"의공학적, 견문을, 화기애애한, 양식만, 학문적, 설문, 진행한다, 대체하는데, a이상, 넓힐, 보고서로, 분야의, 내용이고, 개꿀과목, 쌓을, 분위기, 수업시간에는, 부담없는, 있는, 활동"
2576610,"증명, 공부하기, 충분해여, 매우매우만족, 미적분에서, 여러가지공식에, 베이스부터, 복습강의도, 안되는것, 교인이, 잘가르치시긴한데, 잘주신다는게, a주시고, 낮으신듯해서, 주실지가, 톡방, 따로만드셔서, 테크닉을, 수업영상, 찍어주셔서"
2576614,"출석, 끝나고, 실습, 퀴즈, 교수님이, 과제랑, 과목, 도커, 과제, 없습니다, 부담, 배우는데, 출석을, 출석만, 금방, 수업마다, 빡세게, 올려주시는, 시험도, 하지"
2576620,"시험문제도, 퀴즈도, 문제, 한번, 강의력은, 빠르게, 연습문제, 좋으심, 후하게, 주셔서, 강의가, 그대로, 편하게, 화요일쯤, 보통인데, 평이한데, 따라가서, 휴강하고, 2주만에, 달리니까"
2576621,"아직, 자유주제라, 좋으십니다, 코딩, 않았지만, 많은, 하셔서, 배울, 마지막, 학점을, 것을, 퇴임하신건지, 관련수업들이, vhdl인걸로, 베릴로그로, 그것만으로, 미천해서, 기말플젝, 안나올거, b0뜸"
2576693,"시험, 정리해주셔서, 얻어가는, 없고, 하나도, 중간, 교안, 좋으시고, 시험도, 꿀강입니다, 평균이, 서술형, 제일, 기말, 최고의, 되게, 전에, 은은하게, 웃기셔서, 과감히"
2576722,"배외식, 양시영, 교수님은, 같이, 것을, 수강하세요, 겹치는, 내용이, 설명이, 객관식, 나온, 서술형, 공부할, 추천드립니다, 시험에, 나오는, 없이, 강의하셨습니다, 설명하시기, 객관식이었고"
2585660,"직접, 위주로, 문제, 이후, cmu, 컴교가, 중간고사, 1점을, cs, 컴교, 외국, 강의가, 반영해서, 오셔서, 이후로, 플립러닝, 1점, 학생들, 공부는, 받을"
2585665,"토론, 발표, 좋으시고, 토론이, 학생들, 준비했는데, 부정적인, 없고, 성적, 학점을, 교수님이, 이름도, 편의도, 모두, 분명, 잘해서, 하셨는데, 피드백이, 스피치, 외우고"
2587815,"한국어로, 중요한, 국제어, 발표, 설명해주시고, 부분은, 못했어요, 있는데, 말이, 설명하실, 짚어주시는, 교수님께서, 영어로, 평균, 영어라, 다시, 빠르셔서, 위주로, 전에, 있는"
2594773,"온라인이라, 독학, 않으셔서, 과제도, 독학할, 시험, 좋지는, 독학으로, 강의력은, 추천합니다, 강의력이, 적은, 오픈북이라, 문제, 거의, 있긴, 무난하게, 추천드립니다, 시험은, 공수정도는"
2657692,"생명과학, 협약, 생명과학을, 새내기, 채워주신다고, 내가, 진행하시며, 양호한, 문과한테, 고전명저북클럽을, 신청했는지, 바라는것, 엘씨가, 넘치시는듯, 자르참고하셔서, 신청하시길, 케바케, 까먹으심, 조별발표하다보면, 해주시길"
2657698,"때문에, 요약, 과제, 교수님이, 조별, 평가, 에세이, 내내, 쓰는, 않아요, 마지막, 학글, 논평, 학점미화, 논리적으로, 봐주십니다, 것도, 출튀는, 좋아하시는, 3개"
2657700,"경제, 현재, 젠틀하시고, 사례, 팀플도, 재밌습니다, 과제도, 없고, 학점이, 좋은, 도움이, 부담, 원래같으면, 5점주는데, 47퍼센트까지만, 학점을주심, 이슈들이랑, 기인사랑, 수강신청하셔야할, 딴짓하다"
2657745,"문제은행, 컷이, 문제은행에, 선지가, 벼락치기, 팀플, 교안만, 나온, 문제은행을, 문제, 주셔서, 절평, 개꿀강, 시험, 교안, 에이쁠, 편한, 암기, 출결, 시험도"
2657753,"과제, 귀찮긴, 과제가, 내용도, 어렵진, 과제하는, 3번만, 하지만, 개꿀임, 귀찮아요, 아캠이라, 같아요, 시험, 3번, 조금, 매주, 중간, 않아서, 내주신다고, 3개씩"
2666945,"백송이, 철학에, 에세이, 교안이, 남들, 철학, 조별과제, 철입은, 여러, 안에만, 한국어로, 대한, 조별, 바꿀, 플립러닝이라, 않는다면, 하지만, 조별과제도, 철학을, 최고의"
2667717,"얻어갈, 문학에, 사담인지, 말을, 알맹이가, 비평, 후하게, 두서가, 비추천, 입문, 교안이나, 작품, 사담이, 문학, 생각합니다, 강의는, 있는, 싶다면, 등을, 것도"
2748884,"문제, 알려주시고, 시험, 답안, 미리, 들을, 알려주시니까, 성적, 그래도, 전에, 논어, 교안, 솔직히, 기말, 지피티, 알려주십니다, 수업은, 채워서, 교수님이, 굳이"
2748886,"리더십, 과목, 쉬는, 최고의, 너그러우시고, 사랑합니다, 시간도, 간단한, 재밌고, 완전, 재밌게, 생각합니다, 부담, 늦게와도, 아팤, 억울하기도, 리더십이란, 충실하면서도, 요하지, 행운인것"
2748889,"스포츠, 글로벌, 발표, 퀴즈, 스포츠영어, 3번, 과제, 이디엄, 초반에만, 토마스, 쉽고, 읽고, 3분, 찍어서, 최고의, 기사, 한다는, 발표가, 돼서, 1번"
2748890,"영어, 사업이나, 교수님이, 위주의, 같아요, 유쾌하시고, 수업입니다, 조원, 좋으시고, 만나면, 팀원, 글로벌, 엄청, 재밌는, 주세요, 발표도, 최고, 영어를, 꿀강, 완전"
2748891,"줘서, 영발, 다이소, 토마스, 발표, 교수님은, 교수님이, 빡세요, 영어, 시간, 수업이, 굉장히, 비추, 알아듣기, 특성상, 힘들, 없고, 부담도, 학점, 후하게"
2748892,"영쓰, 루브릭만, 지키면, 엄청, 글쓰기, 루브릭, 직배, 과제, 토마스, 시간을, 안배운, 루브릭이, 뺐습니다, 다만, 넉넉히, 과제할, 제대로, 주십니다, 세세하게, 중간고사"
2748897,"1점도, 조별로, 3번, 2번, 평균, 토의수업에, 잃은게, 아깝다는게, 과제다하고, 안되는점수, 개잘봤다고, 점수알려달라고, 안알려주십니다, 4년다니면서, 처음받아보고, 이점수로도, 받아봅니다, 재밌게들어서, 밝은, 받자마자"
2748898,"글로벌, 듣기, 가장, 평균이, 있는, 없고, 리스닝태스크, 퀴즈, 수업도, 절대평가인데, 과제도, 중에, 꿀강이라고, 영어, 높습니다, 실력이, 교수님도, 들을, 일찍, 평균보다"
2748900,"중간이, 학생, 대체, 부분문제, 문집은, 받은대로만, 소문제가, 문집에선, 길진, 서투른, top1, 편으, 2번까지, 시작한다고, 고쳐, 까다롭긴, 마니, 부분점수가, 경력이, 있으시지만"
2748901,"할것만, 딱딱, 끝내주심, 일찍, 재밌고, 하고, 교수님이"
2748911,"위클리, 없고, 문학에, 문학, 과제, 발표, 성적도, 위클리과제, 1페이지는, 문입, 학기에, 수업도, 문학입문, 관심, 주시는, 흥미도, 기말, 1페이지, 만점, 읽고"
2748914,"철학에, 철학, 서양, 대학, 철학사를, 관심이, 철학을, 힘드실, 사람이라면, 분들께, 열심히, 외울, 고등학교, 대한, 봅니다, 보니, 평소, 서술형, 하심, 후하게"
2748917,"웹워크, 빈칸, 출튀, 아캠에, 따로, 출석, 빠르면, 안쓰시고, 강의노트를, 공동, 공통, 항상, 전혀, 전에, 채우면, 형식으로, 귀여우심, 올려주시고, 올려주셔서, 신경"
2748919,"지도하는, 천재의, 간지나는, 싫어졌는데, 신보미, 가장만족하는점, 끝내주고, 일찍끝내줘요, 10문제씩있어요, 열정적이라서, 시험쳤는데, 아껴주시는, 좋아집니다, 평소엔, 20분씩, 대단하신, pdf로, 수업내내, 수학이, 일에"
2748925,"개쉽, 휴강했어요, 윤하보다, 어리다더라고요, 시험있고, 분량이에요, 수요일에, 월요일은, 꿀잼, 6문제, 딱딱, 수업이었는데, 오셔서, 가르치시고, 내주십니다, 기분, 새로, 치고, 열정적으로, 그런지"
2748929,"조교님이, 레포트, 실험, 조교님, 수기, 조교, 우리, 친절하셔서, 쓰기, 친절하시고, 수기레포트는, 실험할, by, discussion에, 실험이, ppt랑, 진행할, 분반은, 수기로, 가시면"
2748930,"중기합, 브슴, 설명도, 평균, 출석, 출결도, 수업도, 않고, 가르쳐주십니다, 어렵지, 많지, 나오는데, 해주십니다, 아니고, 과제는, 않은, 세번인게, 사고지만, 할수잌, 전공수업이면"
2748933,"기말고사, 배려를, 친절하시고, 학생들, 정도, 좋아요, 시험, 늦게, 쓰고, 교수님이, 점수를, 갓은주, 걍들으세요, 안좋은점, 시험범위듀, 쉽지않아여, 수업감상문, 10시반에, 찝어주세여, 지루하긴했지만"
2748934,"갓병섭, 10시에, 보내면, 잡으세요, 들어본, 잡을, 9시, 교양, 있으면, 주시고, 높은데는, 아프면, 잡느라, 빠질뻔, 듣고있어요, 수강신청이었습니다, 학문이란, 자고로, 어쩌고, 저쩌고"
2748947,"기말, 쉽게, 교수님이, 이정도면, 거의, 우주론에, 우주론, 재미있게, 16개, 퀴즈는, 과학, 고르시오, 보여서, 나와서, 절대평가라, 매주, 애정이, 내용은, 열정적이고, 지식"
2748951,"힐링되는, 2학점, 인생, 모두, 없고, 중간, 없어요, 기말, 배우는, 대체과제외에, pf에, pf인데, 마음건강을, 다입니다, f이기도, 명상, 째거나, 남으신다면, 줄어들더라구요, 도망가서"
2748958,"1학점, 편안하게, 중간, 좋으시고, 빼면, 할게, 살짝, 돼요, 기말, 없습니다, 부담, 채워감, 오프라인인거, 비중이안큼, 꿀피에프같음, 들으시오, 부담없는건, 대체과제인, 이만한게, p가"
2748975,"합의하신, 칠판, 복습이, 절대평가, 설명, 배점이, 봤고, 학생들, 복습, 기준, 친절하게, 복수전공자인, 조정해주십니다, 싶어져요, 일주일씩, 예제에서만, 출제하셨어요, 240, 답지에, 김희주"
2748977,"발음이, 좋아요, 퀴즈도, 갓희익, 퀴즈, 너무너무, 적응하면, 영어를, 서술형, 복습도, 에쁠, 좋으세요, 해주시고, 경영, 좋으셔요, 교수님이, 중간을, 같아요, 제출만, 있어요"
2749057,"코드, 포기하세요, 되어있고, 교안이, 과목, 혼자, 영어로, 과제, 영어, 이해하고, 잘하면, 나오는데, 이해, 시간에, 있는, 이번, 자체는, 충분히, 유창하신, 손코딩으로"
2749190,"유익한, 치시지만, 유머를, 재미있지는, 유머가, 있으십니다, 내용들이, 많습니다, 않습니다, 그렇게, 수업입니다, 수업은, 교수님께서, 하지만, 교수님이"
2749234,"온라인, 늦게, 교재, 다만, 강의가, 진도도, 시험은, 편하고, 교안만, 수업이라, 같다, 레포트, 마지막, 별로, 나옵니다, 이해하는개, 나아여, 버리심, 내주겠다더니, 웬만하년"
2749373,"코딩, 실습, 늦게, 올리시고, 착하십니다, 것과, 코드, 없는, 시험은, 알아서, 1시간, 심지어, 거의, 없고, 스트레스, 혼자, 전에, 녹강이랑, 강의노트가, 1000장씩은"
2749374,"난이도가, 기말, 파이썬, 학기초에, 특히, 코딩, 기말고사, 코딩테스트가, 기존에, 당황스러웠습니다, 본다고, 매우, 많습니다, 매트랩, 코딩을, 과제는, 과제가, 코드, 많고, 하고"
2750402,"루브릭, 성적, 영어를, 루브릭도, 루브릭이, 채워주심, 루브릭만, 지키면, 열심히만, 받을, 발표, 한다면, 하지, 재밌고, 절대, 하시면, 느낌, 성적을, 열심히, 성적받으실"
2750403,"지키고, 지키면, 하라는대로, 기준만, 영쓰, 루브릭, 기준이, 해야, 중에, 상호작용하시면서, 카피킬러랑, gpt잡는, 이용하셔서, 표절률은, 낮추시고요, 깐깐징어, 갈아탓는데, 뭐나름, 교수엿던듯, 다른글로벌교수들보다는"
2750417,"축제라고, 의통, 계획서, 과기글, 웬만하면, 교수님은, 다른, 실험계획서, 완성해야라는데, 정하는것부터, 주시는건지, 안들으시는, 별론거같아요, 친절하시면서도, 깐깐한느낌, 의통보단, 나을수도, 창글하는, 힘들어하던데, 않은둣"
2750418,"창글, 4번이고, 75분, 이의, 신청, 과제, 글쓰기, 과제는, 없어서, 과목, 4번, 하나하나, 팀플도, 편은, 특성상, 과제도, 조금, 그런데, 아닌, 해주셔서"
2768543,"1학점, 하나, 비교과프로그램, 채우기, 들으면, pf입니다, 군학점으로, 1학점짜리, 꿀과목, 낭낭하게, 하나만, 과제, 학점, 온라인으로, 쉬운, 강의입니다, 좋음, 듣기, 굳입니다, 삽가능입니다"
2768544,"1학점, 편하게, 내면, 포트폴리오, 취업, 비교과, 프로그램, 쉽게, 귀찮긴, 마지막에, 꿀강입니다, 과제도, 온라인으로, 보고서, 돼요, 있는, 대체, 좋았어요, 기말, f라서"
2768545,"상담, 프로그램, 1학점, 진로, 비교과, 상담도, 수강하고, 신청만, 아무거나, 꿀인, 남으면, 하긴, 하라는, 귀찮긴, 개꿀, 되고, 않음, 듣기, 도움이, 상담이랑"
2768546,"1학점, 학점, 용도로, 자소서, 출석만하면, 특강, 취업, 채우는, 편하게, 출석만, 채우기, 좋아요, 유익하고, 과제도, 도움이, 알고가는, 그이하도, 얻을수있는, 피에프과목, 업데이트가"
2827114,"시험도, 길훈섭, 노래, 편안하게, 교안, 좋아요, 목소리가, 진행됩니다, 발표하는, 시험, 중간은, 신청하셔서, 보여주신다고, 점심먹고, 식곤증이에요, 아침수업인거빼면, 몇시간만, 보면되고, 한자쓰는것도없고, 아침수업인거"
2827115,"활동들이, 하라는거만, 지루하지, 무조건, 교수님도, 마음이, 학생들, 학기, 재밌는, 편의를, 얻어갈, 오프라인, 강의입니다, 학생, 해도, 부담, 유교적, 가치에, 인의예지를, pbl로"
2827116,"글로벌, 문학, 영어, 못하면, 있고, 수업마다, 발표, 과제, 하는, 가볍게, 주세요, 출결, 할게, 과제도, 나는, 주제, 조금, 바로, 본인, 영어를"
2827355,"실습, 학점을, 오류가, 엄청, 스스로, rtl, 베릴로그에, 검사만, fpga, 난이도가, 전전, 제대로, 이후로, 중간, 받으면, 대해, 많아서, 따라갈, 갑자기, 다만"
2827360,"기학원, 선형대수, 깔끔하게, 이해할, svm, 정규분포, 2개, 인공지능에, 50점, 수강했던, 수학적인, 평균, 쉬웠고, 있을, 쉽지는, 필수, 문제풀이, 개인, 나오고, 과제는"
2827706,"올려주심, 기본기만, 기공수입니다, 아주친절하고, 될수밖에없는, 아직까진, 강의해주셔서, 굿굿굿, 잘가르치심, 문제없습니다, 과제량, 적당합니다, 배운다는, 도움되고, 이해하기도, 매우, 적당하고, 많진, 녹화해서, 안봐서"
2829592,"팀플이, 성적은, 교수님이, 보고서, 매주, 교수님은, 친절하고, 팀플, 힘들어요, 학생들, 중간, 간단한, 헷갈리게, 시험은, 받아야, 그래도, 메일, 2점, 이름을, 예시를"
2836321,"내용도, 휴강이, 중간은, 빼고는, 온라인으로, 영어로, 시험에, 배우는, 여셨는데, 0였습니다, 60프로, 칼을, 빼드셨고, 대충한, 50점대로, 나락갔으니깐, 알아듣는다, 얕다, 중간이었습니다, 3학년이면"
2836333,"좋아요, 교안, 깔끔하고, 적당하고, 과제는, 깔끔한, 잘해주십니다, 좋습니다, 난이도도, 교안도, 교수님이, 과제도, 같이, 좋고, 좋으십니다, 유익하구요, 데이터마이닝에, 기본기를, 잇고, 두번하면"
2840821,"교수님이, 질문도, 내용이, 서술형이라서, lecture, 있다면, 설명할, 방대하고, 쓰시고, 과제는, 도움이, 가장, 들으면, 시험은, 받아주시고, 올려주셔서, 설명해주셔서, 교수님은, 교안이, 꼼꼼하게"
2849820,"많이봐주고, 난이도쉬운데, 절평임, 말도안됨, 많이했습니다, 다루실줄, 한국말도, 회로이론1에, 특이하셔서, 모르셔서, 곤란했던, 열정있으시고, 전문적인, 10분씩, 학생편의, 억양이, 못하십니다, 끝내주시는, 독학입니다, 같지도"
2892978,"올려주시고, 빠릿하시고, 특별하지는, 공유해주심, 느꼈어서, 조교분들도, 직전에는, 기출문제도, 편이시고, 강의교안, 강의노트, 숙제도, 굳굳, 잘해주세요, 괜찮으신, 필기도, 미적, 끝내주심, 시험전에, 올려주심"
2892987,"시간도, 라틴어를, 라틴어, 인문학, 인생을, 강의실이, 불편한, 학교에서, 이야기도, 아니라, 인생에, 내용도, 와서, 그럼에도, 좋습니다, 분입니다, 대한, 유익하고, 관련된, 또한"
2892998,"기말, 만점, 양이, 시험, 밑줄, 주시는거같아요, 시험은, 컷이, 객관식이라, 중간과제는, 과제, 돌리고, 과제는, 1회, 하나, 기말은, 생각보다, 정도, 학기, 기말시험"
2893017,"디교는, 오교수님으로, 편하게, 봐주시고, 편의, 과제나, 줌으로, 과제도, 비해, 교직, 무조건, 크게, 어렵지, 내용이, 과제, 쉬워서, 편의를, 아는, 쉽고, 설명도"
2893023,"팀원, 오픈북이라, 잘만나는게, 조원을, 목소리가, 팀플은, 너무너무, 어려움, 나옴, 평소학습등, 기말밖에, 짜야함, 1학기내내고생, 제미나이는, 과제평가도, 했자만, 조원만나는게중요함, 조원잘만나면, 러닝페러하는데, 딱히어려움은"
2893024,"러닝페어, 코딩, 매주, 어떻게, 중간은, 전범위라, 모르겠음, 공부한, 기말고사, 힘들었음, 온라인, 과제, 10문제였는데, 코딩만, 똥을, 결국, 퀴즈, 시험, 전범위였는데, 장에"
2893026,"러닝페어는, 만점, 코딩, 오픈북이라, 생각보다, 시험이, 평소학습, 갈리는데, 지피티한테, 거의, 강의가, 파이썬, 중간은, 이해가, 나옴, 어려운, 팀플, 같기도, 기말, 에이쁠"
2893087,"과목이, 자체가, 복전생인, 별이다섯개, 수학노베, 계산이고, 미리미리미리미리공부하세요제발양도개많음, 과제창, 열면, 메모하세요, 80문제, 풀기였는데, 개오래걸리니까미리미리미리하세요, 상태이긴, 작게말했음, 터져요, 높았는데a0받고, 잘해주시니까, 힘들어하는, 어떤건지"
2893091,"휴강, 나옵니다, 강의력이, 있도록, 필기, 교수님께서, 쉬운, 오프라인, 학생들이, 사실, 많습니다, 시험은, 빼두셔서, 아이캠퍼스를, 영어였으나, 한국어였습니다, 필기에서만, 유머러스하셔서, 부르니, 출튀주의"
2893101,"컷도, 공법, 사례형, 공법생들, 민법, 너그럽게, 시험도, 성적, 녹화해서, 성적도, 느껴집니다, 이정도면, 올려주시고, 웬만하면, 강의력, 오픈북, 좋으신, 주시고, 개널널해서, 잡았어요"
2893398,"댄다, 튀어, 교수님이신데, 오신, 시험"
2893443,"발음, 끝내심, 매번, 교안은, 알아듣기, 늦게, 못하시는것도, 가르치시는걸, 설명해주는게, 1점까지는, 타이핑이라, 헬이네요, 지저분하고, 독학해야되긴, 5분이상, 행렬계산실수가, 열람이, 담주부터, 2주차때, 워드나"
2904306,"발표, 에세이, 성적, 개꿀, 너그럽게, 강의도, 에세이로, 재미는, 성논, 부담없고, 계절로, 주시는, 봅니다, 1번, 부담도, 들었는데, 대체, 주시고, 성적을, 기말"
2912930,"경제강의인데, 글리라면, 대학와서, 재밌음, 잘해주시고, 강추, 설명을, 처음, 교수님께서"
2929859,"공지도, 쓰레기지만, 타당하게, 빨리올려주심, 장난치셔서, 쫄리긴하는데, 괜찮으셔서, 걸린게, 창의적융합디자인, 나쁜거지, 없었음에도, 넣으시기는, 의도가, 싶으셔서, 당위성, 부여해주셔서, 별로긴, 절대적으로, 교과목, 분위기에"
2930540,"배우는지, 과목자체는, 않으셨겠지만, 45분, 서울에서, 수원까지, 대학까지, 끝내주시는데, 가는건, 어거지로, 별로지만, 들을만은, 맡고, 코멘트도, 배워야, 안가는, 들으려고, 싶지, 진심, 성격이"
2968259,"c언어를, c언어, 과제도, 노베가, 코드를, ai, 못하고, 아닌, 처음, 들었습니다, 최고의, 배우는, 사라지지만, 베이스능력에, 이거저거, 이러셔서, 3천줄, 친해지는시간이었어요, 정리되어있는데, 에휴다"
2968269,"할게, 열정적이신듯, 있는양, 어려운건지, 가르치시는건지, 못하는건지, 크셔서, 머리아파요, 팀플까지, 단계별로, 전문적인, 심각하게, 많고, 따라간다면, 친절하신, 설명은, 수는, 듣는게, 목소리가, 힘듦"
2974107,"교수님이라서, 공지도, 학생들, 걱정만히, 봐주시긴, 공지사항도, 친절하시고, 새로오신, 보완, 수정, 바꿔, 좋앗어요, 햇는데, 출제되니, 들을만하고, 생각하시는게, 준비하실, 올리셔서, 피드백에, 걱정을"
3057978,"퀴즈도, 여러번, 오픈북이라, 무제한이라, 퀴즈, 경제, 있어서, 하셔야, 시험, 들으면서, 퀴즈는, 시험도, 그래도, 좋은, 열심히, 듣기, 대비나, 암기말고, 있으실거, 통합사회에서"
352725,"거시경제학, 매주, 성적은, 무제한으로, 듣고는, 오픈북이지만, 수식, 만족하면서, 같아요, 강의력은, 시험은, 여러번, 설명이, 쁠은, 교안도, 교안에, 많아, 편입니다, 나오는데, 어렵습니다"
353871,"부분만, 글씨체가, 예제, 확률, 시험은, 알아보기, 시험, 학점, 틀리면, 쉽게, 변별력이, 쉬움, 않은데, 필기, 평균이, 쉬운, 좋은, 있으면, 전에, 별로"
353911,"강의력, 강의를, 강의력도, 늦게, 좋고, 풀어보고, 공지도, 교안, 올려주시는, 시험, 없고, 한국어로, 온라인으로, 중요한, 없이, 올라오는거, 5주치, 올려주며, 변별함, 2주분"
354761,"과제, 성균색, 나쁘지, 교수님께서, 과제도, 졸리고, 주시고, 전혀, 지루할, 중간, 성논, 하나는, 수업이, 제출하면, 목소리가, 난이도도, 있으나, 거의, 열정이, 다만"
354776,"온라인, 오프라인, 성논, 무조건, 주차과제, 성적도, 들으세요, 토론도, 역시, goat, 착하시고, 부담도, 생각, 글쓰기, 편하게, 부담이, 주차학습이, 반인, 오래됐지만, 써봅니다"
355068,"추천한다, 자체가, 기말조별과제가, 알파벳을, 결정하고, 실험보고서가, 쁠이냐, 결정한다고, 경연이, 준비할수록, 운이라는, 컷다고, 종나, 힘드러써, 이과목을, 시작하는것을, 가앙력히, 직접해보지, 학생입장에선, 경기장바닥재질을"
355221,"자신의, 과제가, 온라인, 교직관을, 교직관, 매주, 칼럼, 좋았어요, 교직, 가산점, 수강할, 없어서, 있어서, 만약, 과제, 교수님이, 하지만, 있긴, 오프라인, 수업에서"
355522,"요약, 느끼긴, 열심히, 점수, 과제, 논평, 수업에, 비중, 조별과제, 안듣고, 그닥, 듣고, 시험기간에, 수업을, 과제만, 글을, 없고, 있긴, 성적, 들어도"
356040,"리더십, 쓰고, 한학기, 팀원을, 이런, 기말도, 수신제가치국평천하, 솔직히, 조원은, 적폐, 그런, 동안, 안해주고, 건지는, 나고, 잘만나면, 레포트, 분위기가, 어떻게, 조는"
356058,"발표, 점수, 발표가, 없습니다, 좋아함, 받고, 발표를, 교수님이, 비율이, 대본, 그건, 좋아하시는, 4번, 교수님은, 잘하면, 다만, 겁니다, 해야, 매번, 중간"
42259,"족보, 샌드위치를, 코로나, 수업은, 기말대체과제, 시험, 학기라, 미리, 오픈북, 이렇게, 약간, 마지막, 시험은, 안녕히, 선물, 유통기한이, 최대인, 샌드위치, 구하시고용, 덱스트린류"
42277,"족보, 족보가, 족보를, 족보에, 족보는, 공부하면, 문제들을, 받아도, 해야합니다, 학점만, 좋은, 중요, 결과, 보고, 독학, 있는데, 빠르게, 과제, 족보에서, 주로"
42278,"솔루션, 조금, 하나하나, 잠에, 신시에, 시험, 매우, 빠지지, 매트랩, 있는, 교수님의, 피드백이, 그렇지, 목소리가, 하지만, 꼼꼼하게, 설명을, 부분이, 평균, 좋음"
42279,"좋으십니다, 과제도, 강의력도, 과제는, 갓병우, 연습문제, 뛰어나십니다, 대한, 본인, 강의력, 코로나, 이해, 증명하는, 수학적으로, 계산을, 괴리가, 전전, 5문제, 5개, 문제가"
42282,"시험, 강의력이, 3번이라, 강의력, 부담이, 쏙쏙, 내주시는데, 않다, 매일, 어렵지, 있으나, 된다, 이해할, 시험도, 않게, 보는데, 나쁘지, 않음, 시험은, 도움이"
42284,"학점은, 그걸, 선진적인, 구려서, 스킵하고, 3단원, flipped, 수업방식이, 전자기학, 올려주는, 독학입니다, 플립드, 수업은, 안하십니다, 부터, 학생은, 익숙하지, 개념을, 심지어, 교수님이"
42290,"잘해주시고, 족보에서, 안하셨습니다, 교재, 그는, 나옵니다, 전자출결, 교수님입니다, 교수님이, 과제도, 없고, 없다, 시험은, 있을, 출튀하지말고, 들어주자, 재수강생이, 너만, 별로가, 30점대이다"
42291,"족보에서, 열심히, 모르겠지만, 그대로, 들으면, 직배로, 족보, 강의력이, 강의력, 매우, 편입니다, 어려움, 강의입니다, 대신, 들은, 나와서, 나옴, 시험은, 써주시는, 탈족하면"
42294,"노트, 소통도, 최악, 것도, 대충, 하나도, 들으려해도, 그대러, 무성의한, 진도나가지, 않은부분도, 포함시키셨습니다, 안되시고, 노트필기, 미화될거같긴하네요, ppt슬라이드, 했던말, 밀리니, 뭉개고, 스킵"
42297,"문제, 채워주심, 이해하는데, 학점도, 문제풀이, 강의력, 잘하시고, 부분, 설명도, 다들, 평이해요, 가르치신다, 들고있으니까, 실수없으면, 만점가능, 회이, 안들었는데도, 녹화해주시고, 하셧습니다, 날려주시는"
42354,"강의력, 진도가, 제어, 과제도, 실수하면, 내셔서, 이미, 진도를, 설명해주십니다, 예제, 출튀, 나와서, 없습니다, 없이, 내려간다, 수강해봤지만, 학부생이, 다루기에는, 들어갈수록, 난해해지고"
42356,"중간에, 좋아요, 집중력, 있고, 수업시간, 수업은, 과제는, 재밌고, 해주셔서, 좋으세요, 시험은, 출첵하셔서, 가르쳐주시지는, 빨리끝내주시는데, 잘알려주셔서, 관련문제도, 풀줄알고, 족보좀, 제공기는, 쉬는타임이"
42358,"없는데, 학점은, 퀴즈2번, 학점을, 국태용, 독학에, 중간에서, 중간, 연습문제, 싶은, 클로즈북, 4번의, 시험, 의문, 퀴즈와, 도저히, 학점만, 의미가, 노력을, 퀴즈"
42365,"재탕이긴, 과제를, qna, 과제가, 매주, 배울게, 많은, 과제에서, 족보가, 과목을, arm, 고봉밥, 마이크로디그리, 과제, 영상이, 길고, 도움이, 질문이, 했으면, 기반으로"
42413,"보드, 갈림, 과제, 조교님들, 기말, 프로젝트, 스켈레톤, 과제에, 기말시험까지, 보드에, 중간, 복불복이, 23, 코드가, 난이도가, 프로젝트에, 그만큼, 투자한, 소통을, 나옴"
42421,"갓병성, 놓치면, 학점은, 난이도는, 확실히, 그래도, 과제는, 혼자, 들어도, 웹엑스때마다, 기도했다, 밑인데도, 7등하고, 띠용, 놓치는거, 내시는거, 달아주실거에요, 10개정도씩, 8번정도, 그보다"
42486,"스토리보드, 영문과, 코폴라, 시나리오, 직접, 만나면, 수강신청, 팀플, 시놉시스, 있다니, 영화도, 촬영하고, 꿀강, 영화를, 세상에, 복전, 주시고, 에이쁠을, 에이쁠, 영화"
42489,"하나, 레포트, 분석하는, 아침, 같고, 같아요, 없어요, 르네상스, 18세기, 공감가는, 다수결로, 정하시고, 여려모로, 레포트에만, 피곤했지만, 삼천포로, 중간끝나고, 쓰지않는, 생각이지만, mc나"
42560,"중국사에, 중국사, 거의, 매우, 어렵긴, 있다고, 중국사를, 부르시는데, 교수님이, 대한, 발표를, 서평으로, 데서, 학점은, 토론방에, 보고서, 시험은, 질문, 내외로, 출석은"
42763,"유홍준, 쓰신, 개인적으로, 써도, 책이, 교재를, 내용도, 암기, 책을, 잘하면, 외우면, 나와요, 있는, 들었는데, 수업에, 되게, 갓홍준, 말년에, 귀찮으셨던, 내리"
42772,"발표, 과제가, 조원들과, 토론하는, 생각합니다, 과제, 과제는, 사회복지학의, 사회복지학에, 사회복지의, 배울, 매주, 좋은, 받을, 여러번, 하는, 시험, 중요합니다, 조별, 미리미리"
42792,"스크랩, 기사를, 기사, 사례분석, 스크랩과제는, 그러나, 코로나, 코로나학기라, 2번, 팀플에서, 레포트에, 코멘트, 먹고, 시험, 중국인, 별로, 레포트를, 분량의, 팀플을, 듣지마세요"
42822,"한국어, 오프로, 영어라, 들으세요, 국제어, 들어서, 퀴즈가, 어려움, 오프라인, 교재, 대신, 계속, 좋으세요, 정석적으로, 연습하다, 강제적으로, 긴말하지, 진짜이건아님, 시간투자하느라, 쌰갈"
42827,"수포자, 어려움, 내용이, 밀리면, 제때, 힘듦, 온라인이라, 말고, 연습문제, 살짝, 너그럽게, 양이, 몰아서하려고, 쉬윰, 돌리지, 언급하시는게, 참고하십쇼, 통계랑, 사람이란걸, 문제인듯"
42843,"수학, 선형대수학, 마세요, 어렵습니다, 듣지, 아니니까, 벅찬, 수학을, 매주, 과목인, 주차, 빠르고, 진도를, 복습, 따라가기, 여러번, 따라갈, 퀴즈도, 학기에, 어려워요"
42844,"가산점이, 발표를, 안해도, 출튀, 오프라인에서는, 꿀강이고, 발표, 아까운, 같은데, 진도는, 나가고, 부담이, 발표만, 역사, 출튀는, 강의로, 식으로, 돼요, 강의도, 아주"
42846,"수기, 읽고, 그대로, 내용도, 시험, 안하고, 교수님이, 시험에, 수기로, 내용에서, 경제학, 있기는, 듣기엔, 참고하세요, 추천합니다, 나쁘진, 받을, 나오니까, 좋다고, 그닥"
42850,"화폐, 별로임, 뭔가를, 하나를, 국제어라, 배우는게, 하니까, 객관식, 쉬워서, 학점을, 나오는, 추천, 출판사에서, 보내주는, 채워가려면, 부르시며, 월스트리트저널에서, 뽑아, 4문제의, 월스트리트"
42860,"김창식, 경통분, 계량, problem, 기출을, 어려운, 계량이, 계량경제학에, set이, 계량에, 160, 회귀분석을, 어렵습니다, 계량을, 권장합니다, 많은, 배울, 배웠습니다, 80, 사서"
42880,"독후감, 족보, 33, 시험, 없고, 답이, 족보가, 온라인, 과제, 들으세요, 팀플, 퀴즈, 답을, 받고, 출석점수, 에쁠, 없으나, 퀴즈나, 어떻게, 나눠서"
42884,"case, 족보, study, 사례, 성적, 한국어, 교안, 강의자체는, 기말, 제공, 한글, 요약본, 시험, 한번, 족보도, 영어, 보면, 족보는, 계절로, 외우고"
42887,"족보, 퀴즈, 같아요, 잼관, 교수님이, 족보와, 어려운, 퀴즈랑, 괜찮았어요, 좋으시고, 강의력, 있으나, 어렵긴, 잘하는, 출결은, 퀴즈도, 잘해주시고, 족보에서, 수업인, 시험도"
42894,"케이스, 출석은, 스터디도, 쉽게, 좋으시고, 강의력, 매번, 시험도, 성적, 깐깐하신, 깔끔합니다, 토론, 강의력도, 강의력은, 재미있었습니다, 출석이, 평이, 방식이, 주셨습니다, 깐깐하게"
42911,"매주, 지엽적이고, 과제가, 있는, 강의력도, 실력이, 편입니다, 하지만, 같아요, 않아요, 좋으신, 좋으십니다, 고생하는중, 재무관리랑, 귀찮음데, 아캠으로는, 책인데, 찾을수가, 노베라서, 저학년이라"
42918,"퀴즈, 토요일, 강매, 논문, 아침에, 아침, 퀴즈가, 기말, 70, 사례, 4번, 이걸, 시험, 교안이, 하지만, 순삭됐어요, 이가, 썩을지경, 썩었어요, 검수도"
42946,"내용이, 내용은, 어려운, 교수님이, 교수님은, 같지만, 그래도, 귀엽지, 찝어주시는, 어려워서, 같은데, 매우매우, 이해하면, 목소리가, 어려웠습니다, 쉬워서, 자세히, 비율, 어렵지만, 1번"
42965,"어딜, 내시기, 화면, 시험에, 3문제, 시험, 세번, 열심히, 부분도, 때문에, 연습문제, 나오는데, 시험을, 교재, 공부를, 문제는, 따로, 했는데, 데이터통신을, 되어버림"
42966,"보고, 이라니, ppt, 영상, 처럼, 과제도, 책으로, 그냥저냥, 수업이, 않고, 사랑합니다, 어렵지, 크지, 강의로, 교수님이, 오프라인, 있는, 열심히, 그대로, 부담"
43023,"클리어, 대잔치, 김현수, 수업은, 위한, 시험문제는, 주는, 교수님이, 날먹하시긴, abcd, fg, 강의하시는분, 처음뵙네요, 씨발, 교안이라고, 모자라, 족같이, 알차도, 풀수있을까, 말까인데"
43063,"오픈북이라, 오픈북, 논문, 무기화학, 연습문제, chat, 열심히, 공부를, 좋진, 오픈북에, 솔루션, 연습문제에서, 그렇게, 강의력이, 수월하게, 차라리, 공부한, 시험문제는, 학점은, 과제"
43086,"식분실이랑, 기출, 영어를, 외우시면, 같이, 겹치는, 열정적이시고, 시쓰기, 실험이랑, 기말은, 실험과, 같아요, 외우면, 피피티, 만점이라, 기출이랑, 정의, 다른, 과제는, 양이"
43089,"원하시는, 문제가, 답을, 시험은, 논술형, 문제들이, 시험이, 공부는, 주시는, 모르겠어요, 교수님이, 힘들었어요, 시험도, 중간중간, 조금, 하지만, 조별, 아니고, 미리미리, 전공"
43091,"내가, 들정도로, 한장에, 효소, 정신이, 서술형, 내용이, 글씨가, 시험은, 읽어보면, 쓸데없는, 알겠지만, 대부분의, 주신다, 등을, 지식을, 나오기, 이름, 때문에, 수업을"
43095,"기말, 과제도, 어려워요, 됩니다, 8번, 크게크게, 난이도가, 영어로, 모르겠어서, 과제는, 있어요, 어렵지, 금방, 공부하시면, 개인적으로는, 공부하기, 매우, 그래도, 수도, 처음"
43097,"식물분류학과, 식물을, key, 조교님이, 보고, 겹치는, 조교님, 식분이랑, 종을, 식물분류학, 식물에, out, 과목, 깎인, 시간이, 아니라, 낮게, 매주, 2주에, 사진"
43158,"시사실에서, 오긴하는데, 지루하도, 다잡기, 공부하듯, 외워야하는지라, 찍어도, 끄고, 영화만, 어렵다는게, 쉽기, 시대, 고딩, 후딱, 보여주셔서, 잠이, 나고, 말투가, 출튀가, 진정한"
43167,"보냅니다, 학기를, 조를, 영상을, 매주, 5컷으로, 시도를, 짜면, 뿌듯한, 5컷영상을, 첫시간이나, 두번째시간에, 찍어가요, 찍어온, 찍습니다, 찍는, 구성된, 만난다면, 해보세요, 힘들긴한데"
43412,"강의력이, 열심히, 유필진, 공지하신, 많은, 좋고, 좋으십니다, 있으신, 좋습니다, 강의력, 좋아서, 주신, 교안도, 유익한, 학생들에게, 알고, 그만큼, 얻어가는, 배우는, 배워가지만"
43437,"류창국, 과제는, 시험은, 열역학, 한글로, 가르쳐주십니다, 비슷한, 교수님이십니다, 과제, 마지막에, 최고, 비율, 부분, 한국어로, 평균보다, 중간, 해주시고, 다시, 좋고, 100퍼"
43445,"받았음, 과제, 기말, 코로나, 항상, 10문제, 다시, 학점을, 좋음, 과제는, 시험때, 중간, 귀찮은, 챕터, 이번에, 필요한, 답을, 하지, 중간중간, 한국어로"
43466,"과제, 부품, 매주, 조립까지, 컴퓨터로, 과목입니다, 최대한, 만들고, 중간, 중요해요, 시간, 학점도, 풀이, 과제와, 됩니다, 보면서, 대체과제, 매우, 다만, 과제는"
43510,"이정윤, 좋은, 아주, 최고의, 유일하게, 좋았습니다, 강의력이, 있어서, 강의력, 기출, 됩니다, 올려주시는, 예제, 교수님께, 덕분에, 연습문제, 그저, 있는, 이렇게, 이해가"
43584,"팀플이, 팀원, 팀플로, 실계, 시험이, 학기, 거의, 비중이, 적당히, 좋은, 열심히, 나와서, 넘사벽으로, 좋거나, 마렵게, 3번째에, 속한다, 뽑기가, 가챠가, 쉬웠던것같다"
43617,"디도에서, 이라는, 나옴, 교재를, 막상, 공부하면, 같음, 그래서, 따로, 다들, 대출이나, 폰만지면, 화내심, 슬리퍼나, 이해될듯말듯한데, 수업듣느것만으론, 못풂, 시험대비해야지, 찝어주지도, 문제유형받아보면"
43652,"스피치, 토론, 이상철, 한번만, 편애, 찍히면, 설득스피치, 자기소개, 솔직히, 앞으로, 귀여우시고, 좋았고, 이론, 강평, 두번, 없고, 모르겠습니다, 보는, 같아요, 마지막"
43653,"친절하시고, 좋으십니다, 교수님이, 받으실, 점수, 교수님은, 스피치에, 스토, 발표와, 토론, 잘해서, 1학기, 스피치, 분반, 하고, 수강신청, 발표, 분들이, 있었던, 않는"
43657,"스피치, 발표, 토론, 발표를, 많은, 많습니다, 조금, 다들, 발표할, 친절하고, 교수님이, 다만, 때는, 나오고, 있는, 그런지, 수도, 직접, 부담이, 대미숙"
43659,"마지막, 출석부, 조별활동으로, 생각보다, 숙제를, 말이, 숙제가, 에세이, 많은, 지목해서, 거의, 않는데, 개요, 학글, 내주시고, 뭐라고, 학점, 그렇게, 미화, 면담"
43661,"원하는, 기말, 글쓰기, 받을, 중간, 교수님이, 카톡, 바를, 피드백, 있을듯, 정시에, 쓰면, 높게, 편하고, 수업은, 글을, 평균보다, 받고, 학점, 시간을"
43662,"조별, 마지막, 최종, 중요한, 과제가, 교수님이, 학술적인, 최종에세이가, 열심히, 어렵고, 솔직하게, 받았는지, 성적이, 성적을, 에세이가, 점수를, 알려주시지, 나오는, 모르겠으나, 글쓰는"
43666,"조별, 교수님이, 조원, 교수님의, 글을, 생각을, 팀플때, 성적의, 잘만나서, 잘만나면, 개별, 중요한, 과제가, 많은걸, 50, 중요하고, 강의평, 여기서, 열심히, 수업이"
43667,"논증, 생각합니다, 논리학, 오프라인, 과제, 점수에, 많은, 온라인, 과제가, 시험, 다음, 대답이, 학기부터는, 하십니다, 질문, 국어, 계속, 하시고, 교수님이라, 문제가"
43685,"많고, 과제, 깐깐합니다, 과제가, 많아요, 많은, 도망가세요, 깐깐하게, 엄청, 제출, 그치만, 다른, 쉬운, 피드백, 이렇게, 글쓰기, 진짜예요, 여쭤봤을, 감점되어, 여쭤봤습니다"
43694,"인클래스, 루브릭만, 지키면, 성적, 크게, 라이팅이, 점수, 그만, 교수님께서, 형식을, 뭐라고, 대답, 귀여우심, 성실하게, 제발, 발음, 매번, 나쁘지, 같아요, 문제는"
43695,"엑셀, 공지를, 하는지, 수강철회하고, 유기성이, 갑자기, 딴판인, 휙휙, 인클래스, 중간까지는, 중간, 강의력도, 기말, 열심히, 기말을, 문법, 등등, 좋으시고, 강평, 족보를"
43697,"지키면, 느리셔서, 눈치, 깐깐하시긴, 루브릭만, 지피티, 점수, 알아듣기, 하시면, 많습니다, 스트레스의, 원흉임, 앉히지, 개많이줘서, 험악하게, 못하는데요, 잘못이죠, 못가고, 하시다가도, 정적"
43698,"영쓰, 교수님이, 직배, 쉽고, 않고, 친절하고, 대신, 별로, 괴담만, 편안해요, 영어발음과, 탈주하고, 선택이었다고, 존재할까, 생각임, 물어보라고, 공감, 감사해야함, 정확하시고, 재밌는내용도"
43712,"중국어, 중국어로, 발표, 팀플, hsk, 중국에서, 대답하고, 재외국민, 중국어를, 1교시라, 과제, 모든, 학생들한테, 좋아요, 분들이, 잘하면, 매우, 없고, 3번, 조별"
43713,"논문, 없고, 족보만, 글로벌, 한국어, 족보보면서, 한국말, 한국어로, 됩니다, 시험, 추천, 주십니다, 시험은, 채우기, 올려주셔서, 들으시면, 족보를, 교수님께서, 착하시고, 시험도"
43720,"파파고, 교재, 과제, 돌려서, 대체과제, 중간, 정도, 6문제, 대체, 시험, 참고해서, 모두, 기말, 받아갈, 없었음, 받는, 있었어요, 학점, 중간기말, 괜찮은"
43743,"일본어, 유학생들이, 질문하면, 노베, 퀴즈가, 친절하게, 진도가, 친절하시고, 매주, 기일1, 쉽게, 받을, 아예, 거의, 노베로, 노베인, 조금, 노베도, 교수님이, 중국"
43760,"프랑스어, 유베이신, 분들은, 중요하다고, 교수님이, 외우면, 프랑스어를, 노베이신, 수요일, 노베인, 노베, 그래도, 분들도, 받을, 일주일에, 어렵지, 엄청, 강의였습니다, 암기, 교수님께서"
43780,"학생들, 이름, 월요일, 3시간, 질문하면, 음운론, 주경진, 친해지려고, 유학생이, 언어를, 있고요, 외우시고, 다만, 들었습니다, 교수님이, 중국인, 개인적으로, 노력하시는, 강의력은, 일단"
43804,"온라인이라, 미적분, 웹워크, 듣는, 미적1은, 웹워크만, 독학하는, 온라인, 있다는, 수업을, 것이, 충분히, 없이, 암때나, 메리트로, 고등학교때도, 했던거라, 최악이지만, 독학하겠다, 장소에서"
43830,"클래식, 음악에, 감상문, 감상문은, 음악회, 범위가, 감상문이, 클래식에, 피아노, 중간, 관심, 관심이, 공부할, 많은, 교양다운, 힘들었고, 쌓을, 많으면, 재밌었음, 좋아해서"
43849,"도덕감정론, 독후감, 시험은, 오픈북, 기말, 과제는, 교안에, 많아서, 수업이, 평균이, 들을만은, 하나인데, 만점, 추천드립니다, 결정되는, 지루한, 이야기가, 좋을, 시험, 중간"
43874,"매주, 대해, 복지에, 토론, 배워갈, 토론이, 과제가, 복지, 복지문제에, b로, 푸는, 듯하고, 학우들과, 토론의, 코로나, 이었는데, 전부, 많은, 흥미로웠고, a4"
43891,"데이비드, 사랑해요, 자체, 글문세, 가볍게, 교수님과, 젠틀, 간단한, 패스, 한번, 들으세요, 시간, 귀여우시고, 그건, 밖에, 발표, 됩니다, 개꿀, 발표를, 중에"
43909,"수업도, 디자인, 학생들, 편의, 빡세지않아요, 발표하기로, 줄만큼, 중간고사때보는거는, 쪽지시험이라서, 꿀이였던점이, 외부특강이, 종사자분들이, 특강했는데, 집착쩔어요, 본인에, 칭송을, 웹진을, 원하신다, 예술대학, 피해주지"
43950,"교직, 매주, 갓명숙, 팀플, 레포트로, 토론에, 강의력, 같은데, 기말, 같은, 생각합니다, 다른, 가장, 않을, 토론이, 뭐합니까, 상호평가가, 중간, 같아요, 출석이나"
43955,"영어, 좋은, 매주, 있었는데, 생각, 하셔서, 이상적인, 탓에, 교수님께서, 영어로, 팀별로, 과제는, 교수님이, 부담이, 국제어라, 토론, 교수님의, 온라인, 잘하시면, 시간"
44013,"피드백도, 토론이, 토론, 토론만, 다른, 유익하고, 발표, 해가면, 설득, 발표랑, 그것, 교수님이, 자기소개, 나름, 뒤에, 시험은, 스피치, 듣고, 쉬움, 점수"
44015,"토론, 발표, 대본, 자기소개스피치, 학점, 크게, 자연스럽게, 열심히, 스피치, 혹평, 이기고, 정보제공, 큐카드, 설득스피치, 딴짓해도, 2번에, 다른, 발표하면, 부담이, 보이면"
44016,"토론, 정보제공스피치, 발표에, 자기소개스피치, 발표, 피드백, 많은, 준비할, 알아서, 실습, 성적, 교차조사, 없다시피하고, 평가지, 교수님이, 학생들, 있음, 수업이, ppt, 실습이"
44018,"프로타고라스, 일주일에, 에세이를, 책으로, 글쓰기, 4번, 6000자, 글을, 추천, 보면, 철학에, 좋았습니다, 번만, 때문에, 논문, 받는, 하루, 써서, 쉽지, 돼서"
44019,"정치, 다른, 학술적글쓰기, 조별, 논평문, 발표, 이런, 발표랑, 재밌게, 글에, 사담이, 좋아하시면, 자체, 얘기, 눈에, 중간중간에, 지식이, 있어서, 전체, 가서"
44021,"과제, 듣지마, 듣지, 말라면, 이거, 모르겠음, 나쁘게, 기준에, 빼고, 피드백을, 수강신청, 여러번, 마세요, 1번, 과제는, 과제가, 에세이, 항상, 마지막, 점수를"
44025,"간단한, 과제, 들었습니다, 기말도, 뭔가, 과제가, 많기는, 매주, 크게, 않고, 있고, 있는데, 학기동안, 교양, 부담없이, 나왔습니다, 학점이, 있는, 내내, 과제를"
44046,"항상, 레포트, 지키면, 단어시험을, 밝게, 교수님이, 재밌어요, 이후로는, 레포트는, 없음, 루브릭만, 보고, 점수, 중간중간, 일찍, 매주, 쓰는, 쓰면, 행벅해집니다, 유쾌하시구"
44052,"끝내주시고, 친절하시고, 퀴즈, 교수님이, 일찍, 후하게, 거의, 유익해요, 글쓰기, 착하고, 족보, 감점, 좋아요, 엄청, 빨리, 매우, 받음, 좋으신, 성적을, 좋음"
44058,"교수님이, 성적은, 나옴, 성적도, 계속, 조금, 되게, 현장에서, 열정적이고, 영어, 친절하시고, 짜게, 열정적이시고, 실시간, 되는데, 주는, 쓰고, 그러나, 그거, 평균보다"
44105,"온라인, 온라인이기에, 족보, 중간고사는, 시험보다, 시험, 어려웠던, 넉넉하게, 퀴즈, 안하면, 웹워크, 들을, 족보에서, 받아서, 온라인이라, 봅니다, 그게, 있다면, 수업이라, 중간"
44106,"웹워크, 더듬으셔서, 객관식, 객관식이어서, 틀어만, 기말, 시험은, 평균, 강의는, 중간, 들으세요, 독학, 문제, 말을, 시험도, 평균보다, 학점, 중간기말, 에쁠, 무난하게"
44110,"영어로, 시험만, 지정좌석제로, 지정좌석, 한국어로, 수업은, 25점, 채워주시는듯, 생2, 객관식으로, 생명과학, 출첵, 출결도, 결석, 수업도, 좋아하는, 설명해주셔서, 개꿀, 때도, 거의"
44113,"갓석희, bsm은, 출석이, 학점, 스과가, 분반평균이, 어차피, 출석은, 빠지지, 한국말로, 배우지, 출튀하는, 좋은, 가끔씩, 수업시간에, 따기, 받았지만, 들을, 고등학교, 빼고"
44124,"족보, 수학과, 똑같이, 나와서, 족보랑, 거의, 나옴, 비슷하게, 내규, 성적은, 계산실수, 그대로, 좋음, 좋으십니다, 시험이, 강의력, 족보에서, 사람이, 시험은, 등반한"
44127,"인증번호, 출튀, 아직, 출결을, 다만, 안봐서, 강의력이, 조금, 모르겠습니다, 문제도, 좋은, 아주, 좋음, 편하게, 학생들편의잘봐주시는, 인증출석으로, 출튀잡습니다, 있어여, 독학하셔도, 전자출결을"
44130,"물리, 매주, 영어, 출석, 출튀, 수강신청, 하이라이트, 고이신, 물2, 교재, 과제, 가능해서, 성적, 시험, 망해서, 과제는, 올려주시는데, 최소, 했으면, 한데"
44132,"solving, problem, session, 온라인, 문제, 나머지는, 출튀, 설명을, 있으면, 잡으시고, 편합니다, 풀고, 알아듣기, 가능, 매우, 나와서, 갓드리바, 비쁠의, 드리바, 가득"
44144,"과제도, 없고, 출석, 최고에요, 시험도, 일주일에, 과제, 교수님이, 돼요, 달려고, 5점밖에, 드려서, 안침, 벼락치기하려면, 개굿, 시험걱정, 과제있을때만, 복습해라, 개편함, 따놓고"
44152,"조교님, 조교님이, 보고서만, 보고서에, 채점도, 하신, 실험, 친절하고, 엄청, 자세히, 피드백도, 질문도, 점수가, 점수를, 쓰라는대로만, 오릅니다, 시험주엔, 휴강이고, 예비레포트도, 일물실"
44166,"200점미만, 200점, 중반이었는데, 비플주심, 전체성적분포보고, 씨플이겠다, 재수강이네, 비플주셨구, 달린걸, 비에스엠이라, 학점주느거, 권한이, 큰것두, 아니구, 이점수로, 비플주신거면, 채워주신거라고, 노의미, 비에스엠은, 독학이라고해도"
44167,"화학, 출석이, 들어도, 과제는, 잘해주십니다, 정말정말, 굉장히, 강의력, 오프라인으로, 맞춰서, 최고, 시험도, 좋았음, 어떤, 이해, 오프라인, 있는, 설명, 해주시고, 좋은"
44170,"출튀, 종이로, 잡으심, 종종, 강의력도, 어차피, 종이, 잡으시고, 친구, 별로, 있어요, 성적은, 보고, 출튀는, 발음이, 교안만, 알아듣기, 싶으면, 공부하기, 들어도"
44185,"레포트, 조교님이, 조교님들은, 보고서, 조교님, 피드백이, 질문하면, 7개, 시험은, 친절해요, 점수, 쓰면, 수기로, 실험은, 같아요, 조교님들, 있는지, 분반, 써야, 밖에"
44192,"북유럽, 많아서, 외울게, 북유럽신화, 매주, 신화에, 교양, 많습니다, 재미가, 생각보다, 외울, 내용이, 시험, 경우가, 없으면, 매우, 아닙니다, 미리미리, 없어요, 특히"
44212,"암에, 영어가, 다른, 암이라는, 시키셔요, 있는, 인상깊었습니다, 대한, 있는데, 했지만, 조별발표, 추천, 전반적인, 다루는, 교수님께서, 열정이, 평소, 교안이, 나중에, 과제는"
44293,"강의력, 무한, 가장, 학점도, 주시는, 반복해서, 강의력은, 보면, 양교수님, 강의력이, 과목, 신소재, 낮아도, 교수님이다, 같다, 있다, 15점, 순간, 조금, 양이"
44405,"학기, 시험문제는, 과제가, 도대체, 만든, 내내, 배우는, 없고, 과제는, 팀플, 너도, 고통을, 유튜브는, 시작하실, 신청했습니다, 없는, 못하시고, 국제어고, 무슨, 제작한"
44426,"객관식경제학, 무조건, 문제, 진도가, 비쁠입니다, 학원식, 어렵습니다, 강의하시는, 판서가, 경제학에, 빨라서, 복습하고, 풀어보세요, 가장, 이번학기는, 빠르고, 교과서, 에이쁠, 강의력, 객관식"
44532,"필기해야, 졸려요, 강의는, 예시를, 외울게, 깐깐하게, 성적, 전부, 점수가, 특히, 자체는, 매커니즘을, 키워드를, 인지과학이랑, 엮는게, 중요해보이네요, 보통이십니당, 쉅습니다만, 95점으로, 뺑이"
44539,"쉽게, 중요하게, 아티클, 엑셀로, 투자론, 정직한, 개인과제, 진행하십니다, 학생들도, 강의력, 쉽습니다, 교수님이, 하지만, 성적, 있는, 에세이, 시험을, 이해하기, 공부를, 열심히"
44541,"확통, 시험, 있는데, 문제, 매주, 어렵지, 교재, 어려운, 풀면, 범위부터는, 3시간인게, 중간, 사담을, 젠틀하십니다, 기말, 해요, 범위까지는, 때문에, 수업이라, 오히려"
44545,"엑셀, 노베였는데, 기말, 천천히, 열심히, 엑셀에, 쉽게, 복습해서, 설명해주세요, 분들은, 방향으로, 중간, 같아요, 추천합니다, 하셔야, 걱정했는데, 따라가기, 받아서, 엄청, 분들이"
44570,"분석하고, 2페이지, 과제, 격주로, 학생들이랑, 추천하는, 학생들, 내면, 편이고, 문제, 팀플도, 시험, 늦게, 다만, 과제도, 전체적으로, 간단한, 코로나, 쉬운, 과제가"
44630,"때문에, 객관식, 판서를, 시험은, 객관식이라, 예제만, 수학과, 계산기, 과제는, 추천한다, 프로그래밍, 주십니다, 모두, 내용도, 비교적, 느낄, 알면, 없는, 정도, 어렵지"
44712,"김준호, 권재영, 강의력이, 모두, 유전학에, 뇌과학, 대한, 파트는, 위주로, 재미있습니다, 흥미로운, 내용이, 잘하시고, 공부하기, 전반적으로, 느낌이, 나와요, 그래도, 있는, 있었습니다"
44954,"영어로, 외국인이, 반에, 세세한, 양이, 설명해주심, 수업하시고, 있어서, 설명해주시고, 이해가기, 써머리부분은, 한국말로도, 국제어라도, 있어시습니다, 수업했지만, 국제어강의인, 내용이해에, 미친다, 사지선다, 괄호채우기"
44977,"남는게, 한번, 치트시트, 학점은, 치팅시트, 팀플이, 남는건, 한장, 되요, 학점, 하나, 남는, 그거, 없다, 이렇게, 하는데, 시험은, 학점개잘줌, 써오라, 30장"
44996,"온라인, 과제가, 오픈북, 온라인으로, 시험은, 들었는데, 프린트, 성격이, 족보, 오프라인으로, 편합니다, 기준, 온라인이라, 확실히, 과제는, 양이, 부담이, 출튀엄청많고, 에타족보, 몇개있습니다"
45220,"대사를, 김유, 발표도, 작품이, 드라마, 해석을, 작품을, 인물, 대해서, 영문과, 하시면, 교수님이, 작품, 가산점, 기분이, 읽어야, 어려운, 은근히, 나가서, 영어가"
45293,"퀴즈, 환기초, 환공개, 공대수업답지않은, 지식적인, 학점따기가, 6시간보고, 찍어주셨는데, 찍어준데서, 수업진짜개졸리고, 중요한것도, 교수님은강조하셨다고하는데, 강조가, 교수님마음만알수있는강조다, 시험도어떻게준비해야할지몰라서, 스트레스받았고, 전날하기는하지만, 스트레스많이받았습니다, 어디까지채워주시는지는잘모르겠어요, 계획은"
45314,"설명, 다시, 쉽게, 시험문제는, 예제를, 무난무난, 연습문제에서, 책에, 해주심, 시험문제가, 과제에서, 잘해주시고, 과제, 예제, 거의, 교수님이, 한국어로, 하지만, 나오고, 물론"
45454,"발표, 마지막, 점수, partner, persuasive, informative, 발표가, 교수님이, 루브릭을, 과목특성상, 평가기준이, 좋은, 루브릭만, 좋았습니다, 분은, 주시는, 많은, 암기, 발표는, 다른"
45500,"레포트, 범위가, 절대, 앞에, 기말, 부분에서, 많다, 쪽지시험은, 많아서, 심리학에, 열심히, 많습니다, 쪽지시험, 심리학, 전까지는, 양이, 앉아서, 출석, 수업입니다, 많고"
45537,"중국, 중국인이, 시험은, 모르겠음, 내가, 변별력을, 없고, 학점, 중국인, 핵균, 절반, 없어서, 영화, 학기, 수업과, 수업은, 발표가, 관심, 생각이, 그래도"
45615,"발표, 학점이, 기준이, 평가, 발표할때, 개인발표, 영발, 투자, 주십니다, 영어, 팀플, 학점도, 하는게, 점수, 학점, 받음, 부분이, 평가기준만, 평가대로, 지키기만"
45803,"시험, 족보, 무조건, 기인사, 하지만, 들으세요, 봐도, 내용도, 에이쁠, 많은, 에쁠, 강의가, 강의도, 두번으로, 심리학, 양이, 시간, 있어요, 기말, 족보만"
45835,"이도저도, 가주가면, 2번이라는데, 없어졌음, 노트만, 올려주시니까, 팀과제도, 간략히, 필기할, 채점기준이, 피피티는, 쉬어가는, 휴강, 배움, 기분, 뭔지, 끝나고, 1번, 동안, 아닌"
46059,"발표, 김미량, 해외, 팀플, ict, 발표가, 필수니까, 무난한, 팀플이랑, 듣습니다, 퀄리티가, 분석, 발표로, 교과서, 사람들, 아침, 팀플은, 거의, 할게, 은근"
46063,"선대, 출석은, 전자출결, 인도영어만, 인도영어, 족보를, 인증번호로, 하십니다, 웹워크만, 브슴, 증명이, 이번, 강의실, 학기에는, 웹워크, 시험은, 듣다보면, 족보가, 알아듣기, 과제는"
46556,"과제가, 수업입니다, 실력이, 코딩, 이룰, 교생이랑, 매주, 성장을, 코딩과제, 힘든, 기분이, 있는, 빡세지만, 됩니다, 좋은데, 많은, 거의, 과제나, 어렵고, 그만큼"
46699,"송준, 기출을, 과제는, 경수에, 미시도, 겁먹고, 만날, 미시, 수학적인, 같이, 기출에서, 출석체크, 듯한, 있을거에요, 좋은, 앞으로, 생각보다, 결과, 있는데, 라는"
46719,"한자, 매주, 1800자, 쓰기, 한자를, 한자만, 받을, 꼼꼼하면, 한자가, 과제로, 비추함, 매우, 쓰면, 과제를, 과제, 매주마다, 보내면, 틀리면, 1점, 5점"
46727,"마지막, 점수를, 과제, 과제가, 중에, 4차, 과제별, 점수가, 글쓰기, 학글, 알려주시지, 과제는, 주제도, 대해, 좋은, 랜덤으로, 지각, 있고, 자료, 주시는"
46794,"수업이, 조원, 기간에, 최종, 개인, 최종에세이가, 조별, 팀으로, 에세이, 거의, 휴강도, 제일, 글쓰기, 하지만, 마지막, 종강, 중요할, 부담, 있는, 활동"
47171,"화이팅, 의심스럽고, 시키는지, 시간낭비하는, 성격만, 버린다, 상상이상의, 헬수업, 유의하도록, 후배들아, 정호형을, 능력도, 교육학과, 피해라, 교과, 힘들어질, 워드, 시험볼, 교수의, 과제하고"
483775,"팀플, 코로나, 내용, 개인적으로, 팀플도, 절대평가라고, 것도, 메세지, 시간을, 명확하지, 새벽에, 최악입니다, 제대로, 교수님이, 아니, 본인도, 당일, 같은, 팀플에, 도저히"
483784,"족보, 족보를, 공부하시면, 열공하세요, 보고, 문제들도, 온라인이라, 재밌고, 중간, 도움이, 훓는거, 편인하고, 적어졌습니다, 받는것같아요, 시험정보나, 찾으신다면, 인물이, 족보를열심히보고, 보심됩니다, 때려잡기"
483842,"베이스가, 갓재직, islr, 행대수, 통계적, 통계학과, 얕게, 기초를, 수업중, 당연히, 설명이, 얻어가는게, 중요합니다, 말이, 확실히, 어떤, 전공, 설명, 중간고사는, 이해하기"
484283,"아이코어는, 시험시간이, 교수님이, 2학년때, 영상, 부족하고, 2학년, 수업하시는데, 시험, 배우는, 중간때, 팀플에, 풀어보세요, 유튜브, 있도록, 문제, 빨리, 그리, 하심, 팀플이"
484381,"재정학, 로젠의, 판서, 친절하시고, 일찍, 교재, 시험, 그대로, 발표, 역시, 늦게, 공부할, 설명, 강의도, 따로, 듣기, 4챕터, 판서하셔서, 꿀강인것같음, 짱박사"
484384,"그래프, iss, 무역, iss로, 필기, 판서, 시간이, 답안을, 경제, 그럭저럭, 수강했습니다, 봐도, 아캠, 시험, 매우, 하지만, 시험을, 강의가, 듣기, 안보긴"
484639,"미디언, 시험, 포기하지, 평균이, 좋은, 낮아서, 충분히, 성적, 미디언보다, 현철킴, 조금만, 중간, 정도, 받을, 낮음, 공부를, 과제, 계산이, 가르치시고, 애들이"
484707,"코딩, 배운만큼, r코딩에, 붙은, 통계학과를, 수호하는, 4신수의, 일원, 주작, 재작, 현란한, 유희는, 우매한, 기계와의, 연결고리를, 제공해준다, 쓰레기를, 마술사, 뇌에, 채점의"
484752,"열전달, 과제, 문제를, 예시를, 했다, 어려운, 고한서, 기말은, 정도는, 있고, 느껴진다, 높았음, 기말, 수업을, 어렵고, 시간안에, 올해는, 깜짝, 그의, 있다"
485115,"학점, 틀리다, 방교수님, 주세요, 맞다, 어려우니, 5개, 텀프, 학생들은, 질문을, 하시는데, 말이, 설명을, 이런, 최고의, 학점을, 실속은, 꿀벌들의, 집합소, 졸리다거나"
485344,"cfd, 실험, 보고서, 조교가, 같다, 팀플, cfd는, 제품해체, 조원평가는, 자기들, 없어서, 소스, 팀운, 보고서에서, 어차피, 분석을, 점수가, 점수를, 학점, 보고서는"
486349,"피드백, 피드백을, 대한, 책을, 7권의, 학생에, 읽고, 발표, 레포트, 피드백이, 토론, 가장, 좋았던, 프리라이딩이, 메일이, 존중이, 6월, 인문학명저산책, 인명저, 개요에"
486702,"얻어가는것도있고, 좋그, 가져가야는지, 지적해주심, 자유방식이라, 섞어가시면서, 약했던, 서양사를, 보완한, 서양사, 스트레스였다는, 써내는것으로, 달아주시진, 일전부터, 나무위키, 논리구조를, 하여, 지적을, 않는듯함, 프리"
486867,"과마다, 5시간, 원래, 코로나, 과제, 용법, 성어, 과를, 주신, 예문, 생각이, 과제로, 본문, 넘게, 정리하는, 해석, 시간이, 제외하고는, 없었지만, 과제는"
486868,"최대한, 갓종진, 중문과에서, 유쾌하게, 노력하시는, 있어요, 좋아요, 외울, 밖에, 역시, 오픈북이라, 엄청, 많은, 재미있게, 과제랑, 수업만, 과제는, 평소에, 꼼꼼히, 해주시고"
487142,"연습문제, 갓수봉, 스윗하시고, 친절하게, 좋으십니다, 나오니, 친절하고, 선생님보다, 교수님이, 안에서, 채워주십니다, 있을거에요, 풀어보면, 수업도, 고등학교, 미리미리, 설명도, 해주시고, 열심히, 것을"
487531,"판례, 미리미리, 기말, 아예, 사례형, 사실, 썼는데, 귀찮은, 출석, 책이, 좋았습니다, 한번만, 좋습니다, 발표, 분들, 출석도, 우선, 교안도, 다만, 질문도"
488819,"레포트, 다알려주세요, 5번만, 적었다, 족보배틀, 안쓰러운, 절대라서, a0받았는데, 물화실을, 일화실과, 실험이론에, 대충쓰다가, 만났던, 충족하면, 앵간, 들어보셨을, 없어서, 참여했고, 실험과목, 안보는"
488935,"강의력, goat, 과제가, xv6는, 강의력이, 재밌게, 한데, 어렵긴, 관심, 좋으셔서, 재밌고, 시험공부하지, 맞지않더라도, 토크쇼, 증원이나, 되었으면, 최상, 시스템쪽, 수업들으묜, 어렵다만"
488949,"과제도, 전자기학을, 강의력, 내용, 강의력과, 강의력도, 분야에, 증명, 크게, 따라가면, 시험도, 부담도, 느낌이, 관심, 학점, 아직, 그만큼, 충분히, 불어넣은, 3개들었습니다"
488969,"bjt, 반소랑, 회로를, 거의, 제대로, 시험은, 퀴즈, 반소, 다이오드, 학점은, 이게, 본다, 했다면, 섞어서, 회로, 모든, 책에서, 가벼운, 반도체, 대한"
489006,"디지털, 설계에, 레이아웃, cad, 집적회로, 배운다, 전전, 회로, 관련해서, 많고, 학기, 대한, 힘들지만, 힘들고, 과제, 이해할, 족보를, 많지만, 배울, 추천드립니다"
490405,"점수, 루브릭대로만, 매우, 깐깐함, 파일, 성적, 교수님이, 중요함, 직배로, 출석이, 시키는, 루브릭, 받을, 조금, 영어를, 만큼, 점수는, 이거, 좋은, 글쓰기"
490996,"그저, goat, 갓종락, 좋으시고, 웹워크는, 시험도, 최고의, 좋고, 있는, 온라인, 수준으로, 강의력, 풀면, 에쁠, 믿으십시오, 버스에, 탑승만, 2둘다, 받았슴다, 제출이었는데"
490997,"강의력은, 예제, 비율, 코로나학기, 대놓고, 열심히, 독학, 학점은, 때문에, 하는, 피피티, 아주, 추천드립니다, 웹어싸, 거쳤으면, 문제들이다, 나갈만해요, 풀이해, 못첬다고, 과제풀정도만"
491020,"없어서, 생2, 독학하기, 모르겠으나, 안됩니다, 과제도, 피피티, 코로나, 계속, 독학으로는, 한글판, 오프라인에선, 찍어놓고, 생1을, 7년이, a가져갔습니다, 했었어서, 영어표현외우면서, 모르겠네유, ppt만하면"
491048,"안잡음, 화학, 칠판에, 강의하시고, 않음, 출튀를, 별로, 전까지, 베이스, 기말고사, 공지도, 전자출결, 독학, 아무것도, 다른, 학점, 출튀, 기말, 그대로, 제대로"
491239,"일본, 생각을, 일본문화에, 굉장히, 나쓰메, 교수님이, 교수님의, 수업에서, 마음, 단순히, 점수, 듣는, 녹여내는, 있는, 질문을, 생각들을, 소세키, 학기에, 평소, 교안이"
491552,"봉사, 30시간, 봉사시간, 미리미리, 하세요, 인성품, 봉사는, 인성품도, 봉사만, 채울겸, 1학점, 제출하시면, 초에, 채우고, 미리, 따기, 제발, 시험기간에, 시간이, 잡아먹었어요"
50804,"기말, 중간, 학생들의, 3시간동안, 아이캠에, 실패해서, 영상, 아직, 에세이, 마지막, 다른거, 교수님이, 안함, 토론, 비추합니다, 개인적으로, 보니까, 그럼, 중간고사, 공지"
77401,"정치, 1차, 피드백, 에세이, 얘기, 최종, 시사, 정치적, 에세이를, 본인이, 쓰면, 면담, 맞춰서, 4월까지는, 개인, 주제, 최종에세이, 발언을, 교수님께서, 생각에"
77445,"연습문제, 시험, 없어서, 강의력이, 교재에서, 나와서, 연습문제에서, 설명은, 시험이, 나온다, 시험문제가, 필요, 시험도, 과제가, 같아요, 좋으세요, 점수를, 없습니다, 삐끗했는지, 교제의"
77448,"한국어로, 마지막에, 좋으시고, 한글로, 문제, 챕터, 끝날, 정리해주시는, 요약해주시는게, 요약도, 시험은, 조금, 과제는, 도움이, 2주에, 족보, 적당한, 짧게, 물리, 좋아요"
77452,"기출에서, 교수님이, 강의는, 어려운, 강의력은, 기말은, 좋으시고, 출결은, 다만, 연습문제, 어렵습니다, 난이도는, 코로나, 과제는, 최대한, 이해가, 좋음, 시험은, 없이, 인상부터가"
77500,"그림책, 어렵지, 않고, 내용은, 북토크는, 축소해주셔서, 말씀해주심, 교양같아요, 북토크, 수업입니다, 중간, 같아요, 알려주셔서, 교양, 다른, 편안한, 오픈북으로, 좋은, 범위도, 기말"
77565,"경제, 기말, 공부량, 미리미리, 풀고, 종이에, 해두시면, 한방으로, 전부, 추천드립니다, 받았습니다, 같아요, 시간, 성적은, 때마다, 주시는, 과제, 교수님이, 연습문제, 같아서"
77566,"많은, 얻어가는, 뛰는, 발로, 서로, 있도록, 팀플, 인적, 굉장히, 좋은, 자율적으로, 학생들끼리, 팀플과, 팀플이, 교수님께서, 있었습니다, 번의, 사례를, 친해질, 학생들한테"
77571,"정리하는게, 면담, 오답, 면담이, 면담도, 경제학, 아캠이라, 들으시는, 좋았습니다, 퀴즈도, 퀴즈를, 교수님이, 과제는, 과제가, 계속, 직접, 수업에, 것을, 이해가, 나옵니다"
77582,"차근차근, 쉽게, 어려움, 듣고, 설명, 교재, 노베인데, 설명해, 강의력이, 이해할, 풀면, 혼자, 아직, 이해하기, 없습니다, 전부라는, 설명너무잘하십니다, 두세번정도, 나올거같습니다, 낮긴"
77679,"족보, 구하세요, 열심히, 구해서, 족보가, 양자역학이, 망해요, 족보에는, 학점은, 그대로, 중간은, 자체가, 이해가, 기말은, 애초에, 범위, 부분도, 내용, 됩니다, 기말도"
77692,"외울게, 객관식, 양이, 외울, 자체는, 외우는, 공부, 질병, 약과, 요약과제가, 생물학적, 스타일도, 시험정보에, 내용이, 이름이, 공부할, 쉬울, 외웠습니다, 하시면, 의미를"
77725,"인터페는, 과제가, 양이, 4개있지만, 진실된, 자세로, 매우매우매우매우, 정성만큼, 달라지니까, 매주4, 일러가, 수강신청하시면, 디디는, 잘하시는분들, 뛰어야하는, 일러만, 주구장창해야하는, 안부르시는데, 부르재서, 불렀음"
77837,"열역학, 강의력, 편하다, 강의도, 좋고, 편하게, 많긴, 공부하기, 기출과, 과제도, 명강의, 풀어도, 풀고, 시험, 매우, 좋은, 들은, 그래서, 모든, 권오채교수님"
77840,"기출이랑, 구하세요, 기말, 한방이었는데, 무조건, 바쁘셔서, 휴강이, 조건, 기말고사, 많아서, 시험은, 학점은, 똑같이, 과제, 많다, 교수님이, 끝나고, 물론, 출석은, 제대로"
77855,"과제가, 많고, 하는데, 시험은, 별로, 보는데에는, 채워주는듯하지만, 무난한거같음, 점수나옴, 절대안보시고, 매우안됨, 교안같은거, 안올려주시니, 되긴한데, 개빡치지만, 답답하지만, 많아지자, 줄인걸로, 혼란스럽기는, 진행했더니"
77884,"논문을, 논문, 조금, 대한, 기술관리, 논문읽고, 매주, 조교는, 어떤, 내용, 시험은, 시험, 조교가, 내용은, 한다는, 무난하고, 기말, 읽는, 배웁니다, 강의에"
77897,"erd, iot, 조금, 클로징케이스, 그리기, 많습니다, 팀플, 강의에, 힘들고, 열정, 배워가는, 클로징케이스가, 많고, 것도, 주제, 주시는, 열심히, 필기는, 과제, 넘치시고"
77911,"리트, 피셋, 리트나, psat, 문제를, 처음, 홍지호, 쉬운, 문제입니다, 됩니다, 하셨고, 나고, 아주, 최고십니다, 그래도, 않습니다, 듣는, 분들도, 문제만, 크게"
77947,"매트랩, 강의력, 매우, 과제가, 있으면, 영어, 신시, 한국어로, 좋으시고, 과제, 시험, 도움이, 어려웠는데, 되면, 정도만, 금방, 오래, 교수님이, 하지만, 좋으셔서"
77948,"다시, 이해가, 전에, 들으면, 증명, 보고, 수업을, 가면, 교수님이, 부분은, 어려워서, 힘들었습니다, 나왔습니다, 설명을, 읽고, 적당히, 계속, 해주시고, 열심히, 자체가"
77952,"족보에서, 시험은, 이야기, 과제가, 족보, 편이라, 인품이, 솔루션, 시험이, 많아서, 족보만, 좋으시고, 팀플도, 조금, 다른, 성적, 과제는, 팀플이, 많지만, 후하게"
77957,"족보, 인버터, 레포트, 쓰는게, 그대로, 컨버터, 시뮬레이션, 필기, 시험은, 원리, 매트랩, 레포트는, 미리, 4개, 느낌을, 내용, 그걸, 가면, 확실히, 뭔가"
77983,"좋음, 자주보십니다, 퀴즈보시고, 퀴즈30, 1개정도만, 풀만하니, 많이푸시고, 노려볼, 마인드만, 수업정말, 융통성이없어서, 수업은명강의지만, 5프로라생각하시면편함, 비뿔은채워주시는듯, 퀴즈중요해요, 던질, 환경을, 안줄것, 매단원, 니까"
78004,"프랑스어, 문법, 동사변화, 문법에, 동사, 생초보는, 불어를, 싶으면, 말고, 단원이, 않는, 교수님은, 연습문제를, 기초가, 지금, 친절하시고, 기초, 수업이었어요, 끝날, 풀어서"
78045,"중간, 기말, 레포트, 쓰면, 동안, 보고서, 골라서, 일주일, 조금, 글로벌, 쓰기, 유철, 옷을, 주제, 쓰느라, 꿀강, 대체, 되고, 10장, 교수님이"
78054,"중국어, 노베면, 유베면, 교수님이, 엄청, 노베는, 책에서, 문장, 않습니다, 단어, 수업이, 좋으시고, 따라가기, 편해요, 걸로, 강추, 본인은, 어려울, 공부하기, 시험도"
78056,"단어시험, 본문, 모자, 중국어를, 중국어, 화장실, 노베는, 결론적으로, 처음, 배운, 노베가, 매주, 단어, 이상한, 따라갈, 암기, 열정이, 말고, 무엇보다, 조금"
78059,"프랑스어, 발음, 친구랑, 노베도, 알려주십니다, 따라갈, 짝이랑, 짝지어서, 시키시는데, 노베여도, 수업에서, 다만, 돌아가면서, 같이, 내에, 몰라도, 끝낼, 기초, 추천해요, 하는"
78143,"쏙쏙, 강의력도, 맨날, 수업도, 잘주심, 교수님입니다, 풀고, 문제, 열정이, 시험도, 성적, 좋으심, 학생들을, 같고, 중간에, 있었습니다, 좋으신, 나옴, 안들을거면, 출튀할거면"
78161,"조교님이, 물리, 과제가, 대충대충, 5번, 알고, 출튀, 과제는, 아닌, 항상, 아니라, 불친절해서, 쉬워, 수월히, 감안하여, 주려던, 안다면서, 톡톡히, 노배에, 획득했습니다"
78168,"화학을, 출석부, 보고, 고등학교, 평균보다, 계속, 비해, 좋으신, 수업내용, 일단, 퀴즈랑, 가능합니다, 독학, 꾸준히, 않았지만, 않았어요, 시험, 때도, 난이도, 힘들었어요"
78169,"출튀, 화학을, 잡으심, 다시, 어려운, 한번도, 교수님이, 부분은, 한국어로, 받음, 절대, 이해하기, 하시고, 열심히, 충분히, 화학적, 지식에, 벽을느끼는, 개그도, 화학과에"
78183,"인터뷰, 뒷자리, 듣기, 학점만, 안들어도, 과제, 부담없이, 없다, 아직, 많아요, 중간, 좋은, 부담이, 다들, 평가랑, 슈업이, 연관되지, 슈업에, 1도없음, 눈치보지"
78233,"기출, 합성법, 늦게, 전년도, 60, 중요하다, 업로드, 나와서, 최근, 교수님이, 절평이라, 전에, 있는, 전반적인, 족보만, 한번도, 비슷하게, 족보가, 시험, 있었던"
78247,"질문하는, 경제, 거시경제학, 경제학에, 어렵지만, 배울, 시험은, 개인적으로, 가장, 대학, 경2, 의도로, 거시를, 어렵습니다, 문제, 공부할, 경제학과, 비해, 들은, 이런"
78254,"영어를, 솔직히, 섞어, 이게, 강의를, 족보, 적어도, 강의평, 아니라서, 나오기, 듣고, 설명이, 내용, 하는, 모르겠어요, 난이도, 교수님이, 다만, 하시는데, 쉬운"
78282,"서교수님, 역시, 서병태, 퀴즈가, 열심히, 다들, 믿고, 들으세요, 퀴즈, 어려웠습니다, 강의력, 따라갈, 잘해주시고, 문제, 기말이, 어렵지만, 하지만, 어려워서, 설명도, 교재"
78299,"매주, 같아요, 있긴, 쉽고, 대충, 과제, 않아서, 시험, 학점, 발표와, 보면, 있어서, 프로젝트, 듣고, 얻을, 교안만, 쉬워서, 많은, 온라인으로, 과제는"
78463,"과제는, 시험은, 시험도, 과제가, 안외우고, 날림, 돼서, 족보빨, 매틀랩, 코로나라, 괜찮다고, 그대로, 매주, 공부도, 있고, 다루는, 수업마다, 반영, 안됨, 과제"
784913,"수업을, 없습니다, 이게, 무슨, r을, 코드가, 수업은, 쪽지시험, 이해가, 포기하고, 배우는, 2점, 통계, 드립니다, 채워주시는, 공부해도, 진도를, 차라리, 라는, 학점은"
78491,"편한, 국문학과, 좋아하십니다, 수업에, 발표로, 부르시고, 교수님의, 것으로, 수업입니다, 나올지, 들을, 차라리, 그나마, 아무것도, 질문을, 하시는데, 때는, 딱히, 없어요, 내가"
78568,"예제에서, 예제, 텀프는, 수업은, 시험은, 주셨습니다, 유니심, 챕터마다, 낮습니다, 텀프도, 시간이, 같진, 이번, 독학으로, 가세요, 과제는, 풀기, 문제에서, 5번, 학점도"
78575,"분리공정, 화공, 열역학, 설계과제, 열역학1범위가, 머리속에, 시험, 베이스가, 중간, 출석, 자체, 않을, 과제, 본인은, 자세히, 보통, 교수님께서, 어렵지만, 부분은, 두번"
786141,"암기만, 강의력, 부분에서만, 성적, 최고입니다, 시험은, 시험문제도, 깔끔하게, 내용, 잘하시고, 시험, 외우면, 피피티, 나오고, 모르겠지만, 있는, 있다, 배운, 성적이, 하시고"
786591,"발표나, 좋습니다, 재미있고, 풀어서, 알려주십니다, 설명해주십니다, 기말도, 시험도, 꿀강, 재밌고, 부담이, 없이, 얻어가는지, 데로만, rp는, 연계시키는, 보고서느낌보다, 일기처럼, 직접호명하세요, 채우지"
786716,"루브릭, 발표, 발표는, 열심히, 잘주심, 깐깐하게, 저한테, 점수는, 감점을, 깐깐하심, 교수님이, 발표할, 발표하는, 조별로, 것만, 잘하면, 바로, 영어로, 계속, 자체가"
78715,"퀴즈, 기말, 웹워크, 한번, 강의력은, 2배속해도, 예제, 없어서, 봅니다, 시험은, 실패해서, 준비해가면, 진행했는데, 시험, 개념만, 퀴즈로, 온라인, 알면, 모르겠는데, 한번에"
787499,"과제도, 열역학, 성적도, 텀프, 열심히, 수업도, 시험, 편의를, 2번, 학생, 없습니다, 거저입니다, 관리자, 않아보여요, 열역, 아니던데, 방열역이라, 방교수님이라도, 씨쁠이겠구나, 제시해주시는"
787565,"reading, 않고, 논문과, 논문이나, 시험도, 매주, 예시를, 퀴즈, 시험문제는, 시험, 힘들어요, 많지, 많은데, 학점, 나오고, 그만큼, 자체는, 소비자행동을, 읽어야하지만, 논문만"
787745,"그래도, 쉬워서, 비해, 시험, 나옴, 듣는거, 외울게, 느꼈습니다, 과목이, 마지막에, 많은, 늦게, 과제도, 조금, 한국어로, 다른, 과목입니다, 문제도, 들어도, 같다"
78856,"온라인으로, 시험은, 객관식, 공부하기, 좋았습니다, 융생의, 투표, 않고, 헷갈리긴, 서술형, tf, 나와서, 중간, 강의력도, 같아요, 주관식, 변별력, 열심히, 학생들, 기본"
80418,"회귀, 그래도, 통계, 문제, 어려웠습니다, 문제가, 전공핵심, 통계에, 풀어보는, 까다로운, 배운, 과제, 직접, 과제가, 중간, 친절히, 기분, 강의력은, 어려웠지만, 중간고사가"
83750,"문제, 독학, 풀면, 따라가도, 열심히, 구글링으로, 교수님이, 풀어보면, 출석, 퀴즈, 연습문제, 있다, 그대로, 시험은, 읊으심, 절반밖에, 쪽지시험있어요, 오프수업으로, 바꿨는데, 부분이니까"
86106,"족보, 투자하면, 같아요, 족보만, 시험은, 구해서, 제출하면, 싶으면, 꿀강입니다, 과제도, 없지만, 한국어로, 받고, 온라인으로, 있는, 공부하면, 기말, 없습니다, 부담되진않고, 3일은"
96507,"팀플이, 열역학, 마츠오카, 열역학을, 느낌, 배운, 책에서, 들으세요, 팀플로, 과목, 없다고, 감사합니다, 마세요, 듣지, 그래도, 중요한, 시험은, 학점치료받아, 잘챙겨주시는, 하나도안들어와요"
97467,"상당히, 우선, 학점도, 평소에, 적게, 시험, 강의력은, 영어, 한글로, 좋은, 처음엔, 것도, 굉장히, 기본적으로, 4번, 학점은, 범위가, 어렵지만, 힘들, 다른"
98093,"대본, 유창하게, 받을, 영어를, 기준이, 확실히, 열심히, 생각했고, 제시하는, 자신만의, 다른, 영발, 생각합니다, 없이, 경우도, 비해서, 좋은, 이미, 하기, 맞춰서"
989902,"자기소개서, 철학적, 아니, 미리, 사담이, 그마저도, 기말고사, 논어, 온라인, 얘기를, 에이쁠, 열심히, 쓰시면, 외우는, 자신의, 많은, 주는, 교수님께서, 쓰고, 오픈북"
990132,"열심히, 스피치, 교수님이, 학생들을, 수업을, 상담도, 스피치와, 스토, 있을, 토론, 봤고, 학기가, 적극, 토론도, 시험은, 토론을, 하라는, 사람들, 바탕으로, 것만"
990208,"국제어, 공부, 언어에, 내용자체가, 교수님은, 시험보면, 영어, 어렵다고, 일단, 열심히, 시험은, 하고, 그렇지만, 막상, 교수님이, 어려워서, 꼼꼼하게, 과제는, 해야, 중간고사는"
990210,"미디어, 내용이, 발표, 문학, 중간고사, 중간, 실시간, 생각하고, 놀았어요, 문학미디어를, 있는, 노트북으로, 난해한데, 나는, 게임, 좋은, 난해한, 열심히, 끝임, 난해함"
990374,"친절하시고, 학생들, 교양을, 족보, 학점도, 배려, 수업이, 과목, 오픈북이라, 어차피, 없다, 매주, 얻어가는, 읽고, 주시고, 마지막, 자체가, 자체는, 다들, 넣는게"
990376,"강의력, 좋으시고, 현대사, 한국현대사, 알겠는, 재밌어요, 사학과, 한국, 서평, 듣는, 들으세요, 대한, 재미있게, 없고, 들어야, 분들은, 있을, 생각합니다, 다들, 탑이시고"
990400,"교심이는, 매주, 다들, 가져갔을, 최권교수님, 없어서, 현직, 촘촘해요, 초등학교, 코로나, 실수하지, 코로나때문에, 과제, 실수, 어디서, 학점도, 열심히, 학기, 적어서, 점수"
990465,"이끌기, 고민도, 있긴해요, 유하시고, 친목도모가, 되어버려서, 성프세답게, 첫수업, 막수업, 무준비, 말솜씨가, 노력도, 선하시고, 토론주제, 강추하고, 적극적이고, 좋아할, 짜지만, 피자도, 스윗하심"
990468,"과제, 1학점, 창업, 2번, 내면, p받는, 코로나, 강평보고, 2번만, 학기여서, 있는, 있다는, 귀찮긴, 과제만, 없지만, 좋았음, 했는데, 부담, 찜찜찝찝한, 못해버린"
990497,"요가, 동작, 스트레칭, 하고, 출석, 1학점, 맞춰서, 운동, 요가를, 노래에, 동작을, 교수님이, 몸이, 빠지고, 레포트, 중간은, 주제는, 가벼운, 세세하게, 외워서"
990513,"쉬는시간도, 아캠, 교수님이, 메시지로, 메세지로, 강의실을, 부르지, 쉬어가는, 편안한, 기말시험은, 출석을, 이유가, 하고, 출석도, 가볍게, 사실상, 좋은, 최고의, 되게, 성논이"
990519,"성논, 이주강, 사이타마, 센세, 온라인, 중간고사, 주강, 성선설에, 성선설, 이후부터, 오프라인, 성논은, 수업이었습니다, 들을거면, 2분, 부담이, 논어, 20분, 70, 수업도"
990610,"루브릭만, 점수, 수업시간에, 족보, 그대로, 지키면, 이상한데서, 기가, 시험은, 주셔서, 루브릭대로만, 타격이, 나옴, 갈리는, 내에, 영어, 구하세요, 좋았습니다, 쓰시면, 괜찮았어요"
990730,"온라인, 서이혁, 퀴즈로, 좋으시고, 시험은, 사전제작, 시험, 강의력도, 진행되고, 퀴즈, 기말, 웹워크, 빠르게, 족보에서, 평균이, 개념, 중간, 들었는데, 대체, 꼼꼼히"
990772,"물리, 돌아가면서, 들으면, 출석, 매주, 숙제만, 출결, 국제어, 출결반영, 한국어로, 숙제가, 안합니다, 플러스, 2번, 대신, 과제, 과제는, 나가고, 들으세요, 퀴즈"
990875,"c언어, 겨울, 퀴즈, 겨울학기로, 평균보다, 코딩을, 계절로, 수강했습니다, 강의력은, 21년, 꼬아서, 20년도, 학점은, 수강했고, 만족했습니다, 들었는데, 평균, 조교님들도, 없는게, 가능해서"
990887,"코딩, 매주, 기말, 온라인, 파이썬, 편합니다, 구름이라는, 구름, 몰빵이고, 시험봅니다, 사이트에서, 기말고사만, 꿀과목, 과제가, 코드, 수월하게, 어렵지, 과제, 시험, 푸는"
990975,"아침, 의상, 컨셉, 파트너랑, 힘들었지만, 연습하면, 빡세다고, 남으면, 교수님도, 열심히, 좋습니다, 받는, 재밌습니다, 학점, 직접, 되게, 있지만, 다들, 꿀강이라는데, 오프닝"
990986,"평균이, 한자, 문제가, 오프라인으로, 보면, 테제, 바뀌었는데, 시험, 쉽습니다, 동양철학에, 동양사상, 윤리, 내용이, 내용, 엄청, 놓쳐서, 그만큼, 쉬웠고, 중간, 사서"
990989,"단어, 기말, 시험, 요약본, 20, 평균이, 놀라고, 알고, 있었네요, 낮습니다, 60, 점수를, 양이, 공부, 중간, 영어, 70, 30, 에이쁠, 학점에"
990994,"그리스, 로마, 기말, 재미있게, 신화에, 몰빵, 어떻게, 논술형, 족보, 기준이, 부담없이, 성적, 같아요, 쓰는, 성적이, 들었습니다, 듣기, 있지만, 메주, 애매"
991003,"생1, 생2, 서술형, 성적, 공부하니, 생명, 주셔서, 고등학교때, 않음, 상위, 상관없이, 성적도, 공부했는데, 한데, 강의력은, 좋아하면, 기말, 쉽게, 정도, 시험은"
991007,"1학점, 점수만, 채우면, 초반에, 됩니다, 신경, 교수님이, 적당히, 좋을, 신경도, 이것저것물어봐도, 패스되는듯요, 안내도, 갓은영, 어깨동무로, 도와주셔요, 상담했었는데, 친하면, 드랍해도, 학사지도"
991009,"어깨동무, 채울, 엘씨원들이랑, 1학점, 먹을, 됩니다, 영상만, pass, 날먹, 패스, 열심히, 신경, 영상, 같이, 하고싶어서, 하는걸로, 3일만에, 채움, 딸깍이고, 3월초에"
991031,"대학, 토론, 마케팅관리, 참여하는게, 오픈북, 싶은, 열심히, 참여해야, 발표, 후하게, 강의입니다, 참여가, 올린, 마케팅에, 빡세지만, 같아요, 그에, 형식으로, 뒤에, 참여"
991522,"모르겠네요, 아침, 챕터끝날때마다, 베끼면, 끝날때마다, 솔루션, 내주시는, 교안은, 챕터, 끝날, 랜덤으로, 시험은, 출결은, 엄청, 있으니, 공부하고, 무난한, 나오는데, 과제로, 과제가"
991523,"챕터, 랜덤으로, 텀프, 끝날, 못풀었는데, 성적은, 안좋으심, 시키고, 당일날, 랜덤, 텀프도, 끝날때마다, 나오는듯, 과제가, 출석, 생각보다, 강의력이, 때마다, 발표, 문제"
991525,"화공계산을, 시험은, 줌으로, 휴강을, 배우는건, 공부량이, 얻어가는건, 적어서, 과제, 신경, 다른, 오프라인, 교재, 제일, 나와서, 쓰는법, 배워간다하는데, 알려주는것도, 사칙연산하는, 온라인수업으로"
991528,"강의력, 고분자에, 출석은, 좋으세요, 쉽게, 학점은, 출결은, 학점, 같아요, 이해하기, 하시면, 평균, 좋으십니다, 얼얼한, 서운해하십니다, 적으시는, 암기까지는, 구조였습니다, 체점기준이, 안들어가요"
991606,"기말, 피피티, ppt, 교안, 중간, 교안이, 좋은, 퀄이, 문제, 아쉬웠어요, 공부하기에, 상위, 깔끔한, 끝날, 시험은, 잘주심, 시험문제는, 기출, 좋아서, 좋다"
991641,"나스트란, 고체역학, 레포트, 실습, 코로나, 나스트란은, 보고서, 기말대체과제, 쓰면, 양식, 없음, 없어서, 실험, 문제풀이, 했음, 이후, 맞춰서, 된다, 풀고, 문제"
992297,"녹강, 2주에, 내용이, 토론이, 고중세, 매주, 기말은, 진행되었는데, 토론방에, 텍스트, 편했고, 좋을, 중간은, 그래도, 교수님이, 배우는, 토론, 번씩, 미리, 중간"
992649,"시험이, 내용을, 과제는, 꼼꼼하게, 지엽적이고, 없이, 단답형, 흥미롭고, 않고, 내용이, 한번씩, 교안을, 객관식, 시험, 거의, 어렵지는, 재미있게, 시험도, 자기, 나올"
992945,"않은, 강의들을때, 녹음과, 기억력, 손필기는, 필기속도, 세계1위, 아닌이상, 믿자, 어쩔수없고, 집중력없으면, 못들음, 안끝나서, 나중가서, 무슨말이지, 할것이다, 깔쌈하고, 예쁜, 상상하고, 않을것"
993114,"물리과에서, 양자역학, 갓갓, 점이, 질문도, 섬세히, 양자는, 유인태, 빛인태, 지덕체를, 갖추셨습니다, 어어어어어, 어어어엄청, 해주다니, 질문점수가, 중요하긴함, 너무좋고, 타과생도, 많긴함, 주시는듯하고"
993404,"과제는, 오프라인, 시험은, 강의에서, 강의력은, 온라인, 과제가, 주시는, 강의에서는, 모호한, 기출과, 과제를, 번째, 어려우니, 교수님이, 있을, 하실, 때가, 처음에는, 내용이"
993442,"교안에, 공식이, 황금철, 기반한, 필요없는, 의미를, 아니라, 좋으십니다, 공식, 단순, 내용으로, 중요하게, 가르쳐, 좋습니다, 강의력, 달달, 개념을, 과목을, 시험, 시험도"
993824,"기말, 족보, 추천해요, 결정됨, 몰빵, 전형적인, 시험, 모든게, 번으로, 한번으로, 사례, 없어서, 평균은, 학기, 과목, 과목이라, 기말에, 아무것도, 대충, 성적이"
993842,"엄격하심, 5초만, 유도과정, 풀어보기가, 과제여서, 3분이면, 반쪽도, 남아요, 그대로여서, 재미있으셨어요, 재무쪽을, 접근해본다는게, 경영베이스는, 없으셔도, 무관하고, 화금쪽, 강의계회서보니, 독재자인, 몸값이, 싸게"
993846,"sas로, 두서가, 코드, sas, 실험계획법, 문제, 나중에는, 하신다면, 과제는, 통계, 조금이라도, 2주에, 교안, 낮은, 채워주시는, 하셔야, 내용이, 때문에, 설명이, 이해하고"
994028,"족보에서, 족보, 족보만, 똑같이, 달달, 문제가, 외우고, 같아요, 보고, 나와요, 나와서, 진심, 내용은, 주시는거, 70, 구하세요, 문제만, 시험은, 나오니까, 보시면"
994369,"형법, 구성요건, 형법과, 헌법의, 고의범, 판례나, 형법의, 필기, 책을, 듣고, 공법, 해당하는, 책이랑, 끝난, 체계가, 정리하는, 중요한, 정리가, 법학, 중간은"
